id,summary,parent_interest_id,registered,published,updated_1,category,mnis_id,twfy_id,party,member,job_title,start_date,end_date,is_until_further_notice,payer_name,payer_is_private_individual,is_paid_as_director_of_payer,payer_nature_of_business,payer_public_address,has_sought_acoba_advice,link,updated_2,updated_3,updated_4,updated_5,updated_6,updated_7,category_code
14465,Writing articles - Associated Newspapers Ltd (ANMFS Ltd),,2026-02-02,2026-02-02,,Employment and earnings,4651,25642,labour,Dan Carden,Writing articles,,,0,Associated Newspapers Ltd (ANMFS Ltd),0,0,,"Northcliffe House, 2 Derry  Street, London W8 5TT",,https://interests-api.parliament.uk/api/v1/Interests/14465,,,,,,,1
5336,Writing articles - Guardian news and media,,2026-01-29,2026-01-30,,Employment and earnings,4088,24949,labourco-operative,Ms Stella Creasy,Writing articles,,,0,Guardian news and media,0,0,,"90 York Way, London N1 9GU",,https://interests-api.parliament.uk/api/v1/Interests/5336,,,,,,,1
14425,Appearances on GB News - GB News Ltd,,2026-01-27,2026-01-27,,Employment and earnings,152,10180,conservative,Sir Iain Duncan Smith,Appearances on GB News,,,0,GB News Ltd,0,0,UK-based television and broadcasting company,"The Point, 37 North Wharf Road, London W2 1AF",,https://interests-api.parliament.uk/api/v1/Interests/14425,,,,,,,1
14342,Speaking Engagement - MHP Group,,2026-01-16,2026-01-16,,Employment and earnings,4107,24785,conservative,Dame Harriett Baldwin,Speaking Engagement,,,0,MHP Group,0,0,Public relations and communications activities,"60 Great Portland Street, London W1W 7RT",,https://interests-api.parliament.uk/api/v1/Interests/14342,,,,,,,1
14269,Senior Adviser - BOKA Capital Ltd,,2026-01-07,2026-01-07,,Employment and earnings,4366,25376,conservative,Sir James Cleverly,Senior Adviser,,,0,BOKA Capital Ltd,0,0,Technology investment firm,"Devonshire House, 1 Mayfair Place, London W1J 8AJ",1,https://interests-api.parliament.uk/api/v1/Interests/14269,,,,,,,1
14278,Speaking engagement - Ravenswood School,,2026-01-06,2026-01-06,,Employment and earnings,4523,25328,labour,Catherine West,Speaking engagement,,,0,Ravenswood School,0,0,,"10 Henry Street, Gordon NSW 2072, Australia",0,https://interests-api.parliament.uk/api/v1/Interests/14278,,,,,,,1
14243,"Legal services - Defence and Home Affairs Division, Prime Minister's Office, Republic of Mauritius",,2025-12-31,2025-12-31,,Employment and earnings,1508,11541,conservative,Sir Geoffrey Cox,Legal services,,,0,"Defence and Home Affairs Division, Prime Minister's Office, Republic of Mauritius",0,0,,"7th Level, New Government Centre, Port Louis, Mauritius",,https://interests-api.parliament.uk/api/v1/Interests/14243,,,,,,,1
14216,Speaker at the Oxford Global CEO Programme 2025 (in Hong Kong and Singapore) - Oxford Institute of Digital Health,,2025-12-23,2025-12-29,,Employment and earnings,4020,24817,conservative,George Freeman,Speaker at the Oxford Global CEO Programme 2025 (in Hong Kong and Singapore),,,1,Oxford Institute of Digital Health,0,0,,"Radcliffe Primary Care Building, Radcliffe Observatory Quarter, Woodstock Road, Oxford, OX2 6GG",,https://interests-api.parliament.uk/api/v1/Interests/14216,,,,,,,1
14202,Legal services - Travers Thorp Alberga,,2025-12-22,2025-12-22,,Employment and earnings,1508,11541,conservative,Sir Geoffrey Cox,Legal services,,,0,Travers Thorp Alberga,0,0,Attorneys at law,"Harbour Place, 2nd Floor, South Church Street, Grand Cayman, KY1-1106, Cayman Islands",,https://interests-api.parliament.uk/api/v1/Interests/14202,,,,,,,1
14079,Book Royalties - Hurst and Co,,2025-12-05,2025-12-05,,Employment and earnings,5219,26398,liberal-democrat,Mike Martin,Book Royalties,,,0,Hurst and Co,0,0,Book Publishers,"Somerset House, New Wing, Strand, London WC2R 1LA",,https://interests-api.parliament.uk/api/v1/Interests/14079,,,,,,,1
14049,"Speaking engagement - Gibson, Dunn & Crutcher LLP",,2025-12-03,2025-12-03,,Employment and earnings,1489,11447,labour,Dawn Butler,Speaking engagement,,,0,"Gibson, Dunn & Crutcher LLP",0,0,Law Firm,"Telephone House, 2-4 Temple Avenue, London EC4Y 0HB",0,https://interests-api.parliament.uk/api/v1/Interests/14049,,,,,,,1
13728,Speaking Engagement - These Executive Minds (TEXEM) Limited,,2025-12-01,2025-12-01,,Employment and earnings,1560,11791,conservative,Sir Jeremy Wright,Speaking Engagement,,,1,These Executive Minds (TEXEM) Limited,0,0,Provider of executive education and leadership development programmes,"Office B1, Redlands Business Centre, 3-5 Tapton House Road, Sheffield, South Yorks S10 5BY",,https://interests-api.parliament.uk/api/v1/Interests/13728,,,,,,,1
14006,Speaking Engagement - Coex Partners,,2025-11-28,2025-12-01,,Employment and earnings,4780,25851,conservative,Laura Trott,Speaking Engagement,,,0,Coex Partners,0,0,Speaking engagement for 8 hours,"135 Bishopsgate, London EC2M 3TP",,https://interests-api.parliament.uk/api/v1/Interests/14006,,,,,,,1
14030,speaking and media appearances - MATV Channel,,2025-12-01,2025-12-01,,Employment and earnings,146,10220,labour,Barry Gardiner,speaking and media appearances,,,0,MATV Channel,0,0,Television Station,"Unit 2 & 3 Stanley House, Orchard Close, Wembley HA0 1TZ",,https://interests-api.parliament.uk/api/v1/Interests/14030,,,,,,,1
13468,Reservist army officer - British Army,,2025-11-24,2025-11-25,,Employment and earnings,5198,26445,liberal-democrat,Chris Coghlan,Reservist army officer,,,0,British Army,0,0,,"MOD, London Guards, 27 St John's Hill, Battersea SW11 1TT",,https://interests-api.parliament.uk/api/v1/Interests/13468,,,,,,,1
13941,Non executive director - Space Solar Group Holdings,,2025-11-22,2025-11-22,,Employment and earnings,4074,24824,conservative,Mark Garnier,Non executive director,,,0,Space Solar Group Holdings,0,1,Space Based Solar Power,"Electron Building, Fermi Avenue, Harwell Campus, OX11 0QR",,https://interests-api.parliament.uk/api/v1/Interests/13941,,,,,,,1
13771,Speaking engagement - Blockworks Inc,,2025-11-12,2025-11-12,,Employment and earnings,5091,26352,reform,Nigel Farage,Speaking engagement,,,0,Blockworks Inc,0,0,,133 W 19th St. New York NY 10011,,https://interests-api.parliament.uk/api/v1/Interests/13771,,,,,,,1
13773,Speaking engagement - Zebu Group Limited,,2025-11-12,2025-11-12,,Employment and earnings,5091,26352,reform,Nigel Farage,Speaking engagement,,,0,Zebu Group Limited,0,0,,"73 Cornhill, London EC3V 3 QQ",,https://interests-api.parliament.uk/api/v1/Interests/13773,,,,,,,1
7046,"Council Leader, Ynys Mon - Cyngor Ynys Mon",,2025-11-12,2025-11-12,,Employment and earnings,5085,26454,plaid-cymru,Llinos Medi,"Council Leader, Ynys Mon",,,1,Cyngor Ynys Mon,0,0,,"Council Office, Llangefni, Ynys Mon, LL77 7TW",0,https://interests-api.parliament.uk/api/v1/Interests/7046,,,,,,,1
13571,Consultant - Odysight AI,,2025-11-11,2025-11-11,,Employment and earnings,4108,24729,conservative,Sir Gavin Williamson,Consultant,,,0,Odysight AI,0,0,,"USA Office, 112 North Curry Street, Carson City, Nevada, 897703",0,https://interests-api.parliament.uk/api/v1/Interests/13571,,,,,,,1
13768,Speaking engagement - Hillsdale College,,2025-11-05,2025-11-06,,Employment and earnings,5091,26352,reform,Nigel Farage,Speaking engagement,,,0,Hillsdale College,0,0,,"33 E. College St, Hillsdale, Michigan 49242",,https://interests-api.parliament.uk/api/v1/Interests/13768,,,,,,,1
13726,"Guest Panellist - Have I Got News For You, Series 70",,2025-11-03,2025-11-03,,Employment and earnings,4473,25357,labour,Louise Haigh,Guest Panellist,,,0,"Have I Got News For You, Series 70",0,0,Production Company,"Hat Trick Productions, 33 Oval Road, London NW1 7EA",0,https://interests-api.parliament.uk/api/v1/Interests/13726,,,,,,,1
13732,Speaking Engagement - Association of Consulting Actuaries (ACA),,2025-11-03,2025-11-03,,Employment and earnings,4780,25851,conservative,Laura Trott,Speaking Engagement,,,1,Association of Consulting Actuaries (ACA),0,0,,"First Floor (129) 40 Gracechurch Street, London EC3V 0BT",0,https://interests-api.parliament.uk/api/v1/Interests/13732,,,,,,,1
13629,Senior Advisor - Microsoft Corporation,,2025-10-29,2025-10-29,,Employment and earnings,4483,25428,conservative,Rishi Sunak,Senior Advisor,,,0,Microsoft Corporation,0,0,,"1 Microsoft Way, Redmond, WA 98052, United States of America",1,https://interests-api.parliament.uk/api/v1/Interests/13629,,,,,,,1
13627,Sunday Times columnist - Times Media Limited,,2025-10-29,2025-10-29,,Employment and earnings,4483,25428,conservative,Rishi Sunak,Sunday Times columnist,,,0,Times Media Limited,0,0,,"1 London Bridge Street, London SE1 9GF",1,https://interests-api.parliament.uk/api/v1/Interests/13627,,,,,,,1
13630,Senior Advisor - Anthropic Public Benefit Corporation,,2025-10-29,2025-10-29,,Employment and earnings,4483,25428,conservative,Rishi Sunak,Senior Advisor,,,0,Anthropic Public Benefit Corporation,0,0,Artificial intelligence company,"Anthropic PBC, 548 Market Street, PMB 90375, San Francisco, California, USA",1,https://interests-api.parliament.uk/api/v1/Interests/13630,,,,,,,1
13645,Business referral - GBMW Ltd,,2025-10-28,2025-10-28,,Employment and earnings,4074,24824,conservative,Mark Garnier,Business referral,,,0,GBMW Ltd,0,0,Service company,"39 Grange Road, Darlington DL1 5NB",,https://interests-api.parliament.uk/api/v1/Interests/13645,,,,,,,1
13626,Speaking engagement - Intelligence Squared Ltd,,2025-10-23,2025-10-23,,Employment and earnings,1572,11859,conservative,Sir Jeremy Hunt,Speaking engagement,,,1,Intelligence Squared Ltd,0,0,"Events production, debates, discussions and podcasts","48 Sellons Ave, London NW10 4HH",0,https://interests-api.parliament.uk/api/v1/Interests/13626,,,,,,,1
13462,Speaking engagement - Any Questions,,2025-10-13,2025-10-13,,Employment and earnings,1560,11791,conservative,Sir Jeremy Wright,Speaking engagement,,,0,Any Questions,0,0,BBC Radio 4,"BBC Broadcasting House, London W1A 1AA",,https://interests-api.parliament.uk/api/v1/Interests/13462,,,,,,,1
13453,Speaking engagement - BTC Inc,,2025-10-03,2025-10-06,,Employment and earnings,5091,26352,reform,Nigel Farage,Speaking engagement,,,0,BTC Inc,0,0,,6339 Charlotte Pike Unit #B321 Nashville TN 37209 US,,https://interests-api.parliament.uk/api/v1/Interests/13453,,,,,,,1
13449,Speaking engagement - Imperial Independent Media,,2025-10-03,2025-10-06,,Employment and earnings,5091,26352,reform,Nigel Farage,Speaking engagement,,,0,Imperial Independent Media,0,0,Global consulting firm,"200 W 34th Ave Pmb 162, Anchorage, Alaska, United States",,https://interests-api.parliament.uk/api/v1/Interests/13449,,,,,,,1
13302,Lecturer (Part-Time) - University of Bath,,2025-10-01,2025-10-01,,Employment and earnings,5239,26585,liberal-democrat,Sarah Gibson,Lecturer (Part-Time),,,0,University of Bath,0,0,,"The University of Bath, Claverton Down, Bath BA2 7AY",,https://interests-api.parliament.uk/api/v1/Interests/13302,,,,,,,1
13386,Emergency vascular  surgeon - NHS Fife,,2025-09-30,2025-09-30,,Employment and earnings,5213,26483,labour,Dr Zubir Ahmed,Emergency vascular  surgeon,,,0,NHS Fife,0,0,NHS organisation,"Hayfield Road, Kirkcaldy KY2 5AH",,https://interests-api.parliament.uk/api/v1/Interests/13386,,,,,,,1
13392,Speaking engagement - Primary Access & Research Limited,,2025-09-30,2025-09-30,,Employment and earnings,4613,25659,conservative,Alex Burghart,Speaking engagement,,,0,Primary Access & Research Limited,0,0,Political analysis,"22 Friars Street, Sudbury, Suffolk CO10 2AA",,https://interests-api.parliament.uk/api/v1/Interests/13392,,,,,,,1
13406,Guest radio hosting - Global Media Group Services Limited,,2025-09-30,2025-09-30,,Employment and earnings,188,10155,liberal-democrat,Ed Davey,Guest radio hosting,,,1,Global Media Group Services Limited,0,0,Media services,"Global, 30 Leicester Square London WC2H 7LA",,https://interests-api.parliament.uk/api/v1/Interests/13406,,,,,,,1
13368,Speech on the future of the water industry to the Board of Directors - Castle Water Ltd,,2025-09-24,2025-09-24,,Employment and earnings,146,10220,labour,Barry Gardiner,Speech on the future of the water industry to the Board of Directors,,,1,Castle Water Ltd,0,0,Water collection and supplier,"1 Boat Brae, Rattray, Blairgowrie, PH10 7BH",,https://interests-api.parliament.uk/api/v1/Interests/13368,,,,,,,1
13338,Advisor - Green Rock Robotics INC.,,2025-09-19,2025-09-19,,Employment and earnings,4651,25642,labour,Dan Carden,Advisor,,,1,Green Rock Robotics INC.,0,0,Robotics and aviation,3150 N Sheffield Ave #201 Chicago IL 60657 USA,,https://interests-api.parliament.uk/api/v1/Interests/13338,,,,,,,1
13249,Partner (Unsalaried) - Spex Capital Limited,,2025-09-07,2025-09-07,,Employment and earnings,4484,25285,conservative,Alan Mak,Partner (Unsalaried),,,0,Spex Capital Limited,0,0,Investment advisor,"Albany House, Claremont Lane, Esher, KT10 9FQ",1,https://interests-api.parliament.uk/api/v1/Interests/13249,,,,,,,1
13215,Legal services rendered as a barrister - Confidential in accordance with footnote 9 of paragraph 8(b) of the Code of Conduct and Guide to the Rules,,2025-09-03,2025-09-03,,Employment and earnings,5197,26437,conservative,Dr Neil Shastri-Hurst,Legal services rendered as a barrister,,,0,Confidential in accordance with footnote 9 of paragraph 8(b) of the Code of Conduct and Guide to the Rules,0,0,Solicitor,Address not published in accordance with footnote 9 ofparagraph 8(b) of the Code of Conduct and Guide to the Rules,,https://interests-api.parliament.uk/api/v1/Interests/13215,,,,,,,1
12446,Writing reviews - The Spectator,,2025-09-01,2025-09-01,,Employment and earnings,4613,25659,conservative,Alex Burghart,Writing reviews,,,0,The Spectator,0,0,,"22 Old Queen Street, London SW1H 9HP",,https://interests-api.parliament.uk/api/v1/Interests/12446,,,,,,,1
13174,Speaking engagement - These Executive Minds (TEXEM) Ltd,,2025-08-26,2025-08-26,,Employment and earnings,1482,11406,conservative,Graham Stuart,Speaking engagement,,,0,These Executive Minds (TEXEM) Ltd,0,0,Management Consultancy,"Redlands Business Centre, 3 - 5 Tapton House Road, Sheffield S10 5BY",,https://interests-api.parliament.uk/api/v1/Interests/13174,,,,,,,1
13135,Speaking engagement at the FrontierTechX 2025 Conference - Abiflo Ltd,,2025-08-16,2025-08-18,,Employment and earnings,4798,25750,conservative,Gareth Bacon,Speaking engagement at the FrontierTechX 2025 Conference,,,1,Abiflo Ltd,0,0,Consultancy,"142 Centenary Plaza, 18 Holliday Street, Birmingham B1 1TH",0,https://interests-api.parliament.uk/api/v1/Interests/13135,,,,,,,1
13132,Legal services - Prime Ministers Office Republic of Mauritius,,2025-08-15,2025-08-18,,Employment and earnings,1508,11541,conservative,Sir Geoffrey Cox,Legal services,,,0,Prime Ministers Office Republic of Mauritius,0,0,,"Defence and Home Affairs Division, 7th Level, New Government Centre, Port Louis, Mauritius",,https://interests-api.parliament.uk/api/v1/Interests/13132,,,,,,,1
13096,Chairman and Director - County Asset Finance Limited,,2025-08-12,2025-08-12,,Employment and earnings,4495,25346,conservative,Kit Malthouse,Chairman and Director,,,0,County Asset Finance Limited,0,1,Finance company,"Midland Court, Central Park, Lutterworth LE17 4PN",1,https://interests-api.parliament.uk/api/v1/Interests/13096,,,,,,,1
13071,Director - Rachel Taylor Consultancy Limited,,2025-08-06,2025-08-06,,Employment and earnings,5065,26478,labour,Rachel Taylor,Director,,,1,Rachel Taylor Consultancy Limited,0,1,Provision of Legal Services,"The Old College, Ratcliffe Road, Atherstone, CV9 1LF",,https://interests-api.parliament.uk/api/v1/Interests/13071,,,,,,,1
13003,Independent Non-Executive Board Member - British Horseracing Authority's Horse Welfare Board,,2025-07-25,2025-07-28,,Employment and earnings,4853,25875,conservative,Dr Neil Hudson,Independent Non-Executive Board Member,,,1,British Horseracing Authority's Horse Welfare Board,0,0,,"Holborn Gate, 26 Southampton Buildings, London WC2A 1AN",,https://interests-api.parliament.uk/api/v1/Interests/13003,,,,,,,1
12854,Senior Advisor - Goldman Sachs International,,2025-07-25,2025-07-25,,Employment and earnings,4483,25428,conservative,Rishi Sunak,Senior Advisor,,,0,Goldman Sachs International,0,0,Investment Bank,"Plumtree Court, 25 Shoe Lane, London EC4A 4AU",1,https://interests-api.parliament.uk/api/v1/Interests/12854,,,,,,,1
12983,Speaking engagement - Buxton Arts Festival Ltd,,2025-07-24,2025-07-24,,Employment and earnings,1572,11859,conservative,Sir Jeremy Hunt,Speaking engagement,,,1,Buxton Arts Festival Ltd,0,0,Reg. charity who promote the arts via an annual summer festival,"3 The Square, Buxton, Derbyshire, SK17 6AZ",0,https://interests-api.parliament.uk/api/v1/Interests/12983,,,,,,,1
12689,Senior Advisor to the Chief Executive Officer - Africa50,,2025-07-10,2025-07-10,,Employment and earnings,1211,11115,conservative,Sir Andrew Mitchell,Senior Advisor to the Chief Executive Officer,,,1,Africa50,0,0,"Africa50 helps bridge Africa’s infrastructure funding gap by facilitating project development, mobilizing public and private sector finance, and investing in infrastructure on the continent","Tour Ivoire 3 - 8ème étage, Marina de Casablanca, Boulevard des Almohades, Casablanca 20000 Morocco",1,https://interests-api.parliament.uk/api/v1/Interests/12689,,,,,,,1
12767,Strategy Adviser - Francisco Partners Management LP,,2025-07-09,2025-07-09,,Employment and earnings,4441,25323,conservative,Sir Oliver Dowden,Strategy Adviser,,,0,Francisco Partners Management LP,0,0,Global technology investment firm,"1 Letterman Drive, Building C, Suite 410, San Francisco, California 94129",1,https://interests-api.parliament.uk/api/v1/Interests/12767,,,,,,,1
12736,Writing - The Spectator,,2025-06-27,2025-06-30,,Employment and earnings,4462,25374,conservative,Tom Tugendhat,Writing,,,0,The Spectator,0,0,Newspaper,"22 Old Queen St, London SW1H 9HP",,https://interests-api.parliament.uk/api/v1/Interests/12736,,,,,,,1
12733,Member of the advisory board - Sulnox Group Plc,,2025-06-27,2025-06-30,,Employment and earnings,4462,25374,conservative,Tom Tugendhat,Member of the advisory board,,,0,Sulnox Group Plc,0,0,Environmental science and technology company,"10-12 Orange Street, London, England, WC2H 7DQ",1,https://interests-api.parliament.uk/api/v1/Interests/12733,,,,,,,1
12721,Speaking engagement - A Bit of TLC Ltd,,2025-06-26,2025-06-26,,Employment and earnings,1572,11859,conservative,Sir Jeremy Hunt,Speaking engagement,,,1,A Bit of TLC Ltd,1,0,Curating & hosting events and activities,,0,https://interests-api.parliament.uk/api/v1/Interests/12721,,,,,,,1
12725,Guest on TV show - News UK,,2025-06-26,2025-06-26,,Employment and earnings,4084,24882,conservative,Esther McVey,Guest on TV show,,,0,News UK,0,0,,"1 London Bridge Street, London, SE1 9GF",1,https://interests-api.parliament.uk/api/v1/Interests/12725,,,,,,,1
12649,Speaking engagements - JLA Speakers Ltd,,2025-06-18,2025-06-18,,Employment and earnings,4366,25376,conservative,Sir James Cleverly,Speaking engagements,,,0,JLA Speakers Ltd,0,0,Speaking agency,"14 Berners Street, London W1T 3LJ",1,https://interests-api.parliament.uk/api/v1/Interests/12649,,,,,,,1
12619,Speaking Events on web seminars - Asian Democracy Limited,,2025-06-12,2025-06-13,,Employment and earnings,146,10220,labour,Barry Gardiner,Speaking Events on web seminars,,,0,Asian Democracy Limited,0,0,Service activities,"34 South Molton Street, London W1K 5RG",,https://interests-api.parliament.uk/api/v1/Interests/12619,,,,,,,1
12609,Podcast - Republic,,2025-06-11,2025-06-11,,Employment and earnings,4764,25856,labour,Bell Ribeiro-Addy,Podcast,,,1,Republic,0,0,,"20-22 Wenlock Road, London N1 7F",,https://interests-api.parliament.uk/api/v1/Interests/12609,,,,,,,1
12469,Compliance Officer - Tradeweb Europe Limited,,2025-05-20,2025-05-27,,Employment and earnings,5100,26355,conservative,Blake Stephenson,Compliance Officer,,,1,Tradeweb Europe Limited,0,0,"A UK investment firm with permissions to operate a Multilateral Trading Facility (""MTF""), an Organised Trading Facility (“OTF”) and an Approved Publication Arrangement (“APA”).","1 Fore Street Avenue, Moorgate, London EC2Y 9DT",,https://interests-api.parliament.uk/api/v1/Interests/12469,,,,,,,1
12483,Adviser - Bloomsbury Home Care Limited,,2025-05-21,2025-05-21,,Employment and earnings,3912,24787,conservative,Richard Fuller,Adviser,,,0,Bloomsbury Home Care Limited,0,0,Home Care,"5 Station Road, Thorpe-Le-Soken, Clacton on Sea CO16 0HY",,https://interests-api.parliament.uk/api/v1/Interests/12483,,,,,,,1
12180,Writing Article - Mail on Sunday,,2025-05-12,2025-05-12,,Employment and earnings,5030,26313,labour,Dr Simon Opher,Writing Article,,,0,Mail on Sunday,0,0,newspaper,"Northcliffe House, 2, Derry St, London W85TT",,https://interests-api.parliament.uk/api/v1/Interests/12180,,,,,,,1
12321,Member of the Advisory Board of Steps Together Group - Steps Together Group Ltd,,2025-04-30,2025-05-01,,Employment and earnings,4651,25642,labour,Dan Carden,Member of the Advisory Board of Steps Together Group,,,0,Steps Together Group Ltd,0,0,Addiction rehabilitation and treatment services,"Rear Ground Floor, Hygeia Building, 66-68 College Road, Harrow, Middlesex HA1 1BE",,https://interests-api.parliament.uk/api/v1/Interests/12321,,,,,,,1
12316,Speaking - Washington Speakers Bureau,,2025-04-29,2025-04-29,,Employment and earnings,4483,25428,conservative,Rishi Sunak,Speaking,,,0,Washington Speakers Bureau,0,0,,"1275 New Jersey Ave SE, Suite 403 Washington, DC 20003",1,https://interests-api.parliament.uk/api/v1/Interests/12316,,,,,,,1
12296,Writing articles - Byline Media Holdings Ltd,,2025-04-28,2025-04-28,,Employment and earnings,4500,25356,labour,Clive Lewis,Writing articles,,,0,Byline Media Holdings Ltd,0,0,,"Churchill House, 137 - 139 Brent Street, London, England, NW4 4DJ",,https://interests-api.parliament.uk/api/v1/Interests/12296,,,,,,,1
12104,Writing articles - Byline Times,,2025-04-28,2025-04-28,,Employment and earnings,4500,25356,labour,Clive Lewis,Writing articles,,,0,Byline Times,0,0,,"Churchill House, 137 - 139 Brent Street, London, England NW4 4DJ",,https://interests-api.parliament.uk/api/v1/Interests/12104,,,,,,,1
12276,Writing an article - Daily Mail,,2025-04-24,2025-04-24,,Employment and earnings,4462,25374,conservative,Tom Tugendhat,Writing an article,,,0,Daily Mail,0,0,Newspaper,"Northcliffe House, 2 Derry Street, Kensington, London W8 5TT",,https://interests-api.parliament.uk/api/v1/Interests/12276,,,,,,,1
12266,"Consultant - BPP Holdings Limited (BPP),",,2025-04-23,2025-04-23,,Employment and earnings,4095,24916,conservative,Steve Barclay,Consultant,,,0,"BPP Holdings Limited (BPP),",0,0,education,"BPP House, Aldine Place, 142-144 Uxbridge Road, London W12 8AA",1,https://interests-api.parliament.uk/api/v1/Interests/12266,,,,,,,1
12237,Writing articles - Telegraph Media Group Holdings Limited,,2025-04-16,2025-04-16,,Employment and earnings,4320,25227,reform,Robert Jenrick,Writing articles,,,0,Telegraph Media Group Holdings Limited,0,0,Newspaper,"111, Buckingham Palace Road, London SW1W 0DT",,https://interests-api.parliament.uk/api/v1/Interests/12237,,,,,,,1
12175,Public speaking - Spoken Ltd,,2025-04-03,2025-04-03,,Employment and earnings,4462,25374,conservative,Tom Tugendhat,Public speaking,,,0,Spoken Ltd,0,0,Speaking bureau,"Somerset House, Strand, London WC2R 1LA",1,https://interests-api.parliament.uk/api/v1/Interests/12175,,,,,,,1
12172,Speaking - YPO United Mosaic Inc,,2025-04-03,2025-04-03,,Employment and earnings,4462,25374,conservative,Tom Tugendhat,Speaking,,,1,YPO United Mosaic Inc,0,0,"Non-profit organisation, education","191 North Wacker Drive,  Chicago IL, 60606",1,https://interests-api.parliament.uk/api/v1/Interests/12172,,,,,,,1
12062,Speaking engagements - Eden & Partners,,2025-04-02,2025-04-02,,Employment and earnings,1489,11447,labour,Dawn Butler,Speaking engagements,,,0,Eden & Partners,0,0,deliver training programmes,"1 West Street, Lewes BN7 2NZ",,https://interests-api.parliament.uk/api/v1/Interests/12062,,,,,,,1
12134,"Jeremy Vine guest reviewer on the breakfast program, discussing current news affairs of the day. - ITN Productions",,2025-04-01,2025-04-02,,Employment and earnings,4938,26061,labour,Paulette Hamilton,"Jeremy Vine guest reviewer on the breakfast program, discussing current news affairs of the day.",,,0,ITN Productions,0,0,Channel 5 Studio,"200 Gray's Inn road, London WC1X 8XZ",,https://interests-api.parliament.uk/api/v1/Interests/12134,,,,,,,1
12160,Commentator - News PTY,,2025-04-01,2025-04-02,,Employment and earnings,5091,26352,reform,Nigel Farage,Commentator,,,0,News PTY,0,0,,"2 Holt Street, Surry Hills, New South Wales",,https://interests-api.parliament.uk/api/v1/Interests/12160,,,,,,,1
12136,Paperback publication - Robert Caskie,,2025-04-01,2025-04-01,,Employment and earnings,5069,26331,labour,Torsten Bell,Paperback publication,,,0,Robert Caskie,1,0,Agent,,,https://interests-api.parliament.uk/api/v1/Interests/12136,,,,,,,1
12122,Establishing an advisory board; attending meetings - Steps Together Rehab (St Helen's) Ltd,,2025-03-31,2025-03-31,,Employment and earnings,4651,25642,labour,Dan Carden,Establishing an advisory board; attending meetings,,,0,Steps Together Rehab (St Helen's) Ltd,0,0,,"Hygeia Building, Rear Ground Floor, 66-68 College Road, Harrow, Middlesex HA1 1BE",,https://interests-api.parliament.uk/api/v1/Interests/12122,,,,,,,1
12101,Media appearances - GB News,,2025-03-27,2025-03-27,,Employment and earnings,146,10220,labour,Barry Gardiner,Media appearances,,,0,GB News,0,0,Television news channel,"Riverbank House 2 Swan Lane, London EC4R 3TT",,https://interests-api.parliament.uk/api/v1/Interests/12101,,,,,,,1
11980,Guest appearance on Have I Got News For You - Hat Trick Productions,,2025-03-20,2025-03-26,,Employment and earnings,188,10155,liberal-democrat,Ed Davey,Guest appearance on Have I Got News For You,,,0,Hat Trick Productions,0,0,Production Company,"33 Oval Rd, London NW1 7EA",,https://interests-api.parliament.uk/api/v1/Interests/11980,,,,,,,1
12090,Speaking to university students - The Oxford Study Abroad Programme (OSAP),,2025-03-26,2025-03-26,,Employment and earnings,4657,25618,labourco-operative,Anneliese Dodds,Speaking to university students,,,1,The Oxford Study Abroad Programme (OSAP),0,0,,"Third Floor, Chester House, 21-27 George Street Oxford OX1 2AY",,https://interests-api.parliament.uk/api/v1/Interests/12090,,,,,,,1
12068,Speaking Engagement - Together Financial Services Ltd,,2025-03-23,2025-03-23,,Employment and earnings,4474,25415,conservative,Kevin Hollinrake,Speaking Engagement,,,0,Together Financial Services Ltd,0,0,Financial Services,"Lake View, Lake Side, Cheadle SK8 3GW",1,https://interests-api.parliament.uk/api/v1/Interests/12068,,,,,,,1
12031,Media Appearance - GB News,,2025-03-18,2025-03-18,,Employment and earnings,5158,26361,independent,Rupert Lowe,Media Appearance,,,0,GB News,0,0,,"The Point, 37 North Wharf Road, London W2 1AF",,https://interests-api.parliament.uk/api/v1/Interests/12031,,,,,,,1
11931,Panel Eveny - Omnicom Media Group,,2025-03-04,2025-03-04,,Employment and earnings,4764,25856,labour,Bell Ribeiro-Addy,Panel Eveny,,,0,Omnicom Media Group,0,0,,"Bankside 2-3, 90-100 Southwark Street, London SE1 0SW",0,https://interests-api.parliament.uk/api/v1/Interests/11931,,,,,,,1
11924,Legal - Dentons Mauritius LLP,,2025-03-04,2025-03-04,,Employment and earnings,1508,11541,conservative,Sir Geoffrey Cox,Legal,,,0,Dentons Mauritius LLP,0,0,Law firm,"Mezzanine, Ground and 3rd Floor, Les Jamalacs, Vieux Conseil Street, Port Louis, Mauritius",,https://interests-api.parliament.uk/api/v1/Interests/11924,,,,,,,1
11914,Fostering - Derby City Council Social Services,,2025-03-03,2025-03-03,,Employment and earnings,5342,26613,labour,John Whitby,Fostering,,,0,Derby City Council Social Services,0,0,Local Authority,"Derby City Council, Council House, Corporation Street Derby DE1 2FS",,https://interests-api.parliament.uk/api/v1/Interests/11914,,,,,,,1
11839,Lecturer in British Government and Politics at Richmond American University London - Richmond American University London,,2025-02-28,2025-03-03,2025-07-14,Employment and earnings,350,10265,conservative,Sir John Hayes,Lecturer in British Government and Politics at Richmond American University London,,,1,Richmond American University London,0,0,,"Building 12, Chiswick Park, 566 Chiswick High Road, London W4 5AN",,https://interests-api.parliament.uk/api/v1/Interests/11839,,,,,,,1
11863,Owner - Ravenswell Farm,,2025-02-25,2025-02-25,,Employment and earnings,5158,26361,independent,Rupert Lowe,Owner,,,0,Ravenswell Farm,1,0,Agricultural Land,,,https://interests-api.parliament.uk/api/v1/Interests/11863,,,,,,,1
11847,Speaking engagements (Speech and workshop) - The Improvement and Development Agency (IDeA) for Local Government,,2025-02-21,2025-02-21,,Employment and earnings,4764,25856,labour,Bell Ribeiro-Addy,Speaking engagements (Speech and workshop),,,0,The Improvement and Development Agency (IDeA) for Local Government,0,0,,"18 Smith Square, London SW1P 3HZ",0,https://interests-api.parliament.uk/api/v1/Interests/11847,,,,,,,1
11842,Advisor to the Board of Trustees - The Guy Foundation Family Trust,,2025-02-20,2025-02-20,,Employment and earnings,4020,24817,conservative,George Freeman,Advisor to the Board of Trustees,,,0,The Guy Foundation Family Trust,0,0,"A UK-based charitable foundation established in 2018 to facilitate thinking and research on the role of quantum mechanics and thermodynamics in living systems, with the ultimate goal of using this understanding to advance healthcare. The Foundation has not previously received government funding.","The Estate Office, Chedington Court, Chedington, Beaminster DT8 3HY",1,https://interests-api.parliament.uk/api/v1/Interests/11842,,,,,,,1
11826,"William C. Edwards Distinguished Visiting Fellow at the Hoover Institution, Stanford University - Hoover Institution",,2025-02-18,2025-02-18,,Employment and earnings,4483,25428,conservative,Rishi Sunak,"William C. Edwards Distinguished Visiting Fellow at the Hoover Institution, Stanford University",,,0,Hoover Institution,0,0,,"434 Galvez Mall Stanford University Stanford, CA 94305-6003",1,https://interests-api.parliament.uk/api/v1/Interests/11826,,,,,,,1
11814,Library copyright fees - Public Lending Right,,2025-02-17,2025-02-17,,Employment and earnings,4504,25320,labour,Wes Streeting,Library copyright fees,,,0,Public Lending Right,0,0,,"British Library, Boston Spa, Wetherby LS23 7BQ",,https://interests-api.parliament.uk/api/v1/Interests/11814,,,,,,,1
11770,Writing a book - HarperCollins Publishing,,2025-02-07,2025-02-10,,Employment and earnings,188,10155,liberal-democrat,Ed Davey,Writing a book,,,0,HarperCollins Publishing,0,0,Publishing company,"The News Building, 1 London Bridge Street, London SE1 9GF",,https://interests-api.parliament.uk/api/v1/Interests/11770,,,,,,,1
11767,Writing articles - Telegraph Media Group Limited,,2025-02-06,2025-02-06,,Employment and earnings,4462,25374,conservative,Tom Tugendhat,Writing articles,,,0,Telegraph Media Group Limited,0,0,Newspaper,"111 Buckingham Palace Road, London SW1W 0DT",,https://interests-api.parliament.uk/api/v1/Interests/11767,,,,,,,1
11729,Chair - International Finance Facility for Education,,2025-01-28,2025-01-29,,Employment and earnings,4118,24961,conservative,Sir Julian Smith,Chair,,,0,International Finance Facility for Education,0,1,IFFED is a Geneva-based foundation providing a financing engine for global education.,"Route de Chene 30A, c/o L&S Trust Services SA, 1208 Geneve",,https://interests-api.parliament.uk/api/v1/Interests/11729,,,,,,,1
11698,Payment of an amount owing from previous role as EY partner (that ended in May 2024 prior to my election) - EY,,2025-01-29,2025-01-29,,Employment and earnings,5360,26632,labour,David Pinto-Duschinsky,Payment of an amount owing from previous role as EY partner (that ended in May 2024 prior to my election),,,1,EY,0,0,EY is a major global audit and consulting firm,"1 More London Place, London SE1 2AF",,https://interests-api.parliament.uk/api/v1/Interests/11698,,,,,,,1
11719,Writing - News Corp UK & Ireland Limited,,2025-01-28,2025-01-28,,Employment and earnings,4462,25374,conservative,Tom Tugendhat,Writing,,,0,News Corp UK & Ireland Limited,0,0,Journalism,"1 London Bridge Street, London, SE1 9GF",,https://interests-api.parliament.uk/api/v1/Interests/11719,,,,,,,1
11565,Social media activity on X - X formerly Twitter,,,2025-01-11,,Employment and earnings,5161,26399,reform,Richard Tice,Social media activity on X,,,0,X formerly Twitter,0,0,,"Market Square, 1355 Market St suite 900, San Francisco, CA 94103, United States",,https://interests-api.parliament.uk/api/v1/Interests/11565,,,,,,,1
11622,Strategy Adviser - Pierce Protocols Limited trading as Heni,,2025-01-09,2025-01-09,2025-05-12,Employment and earnings,4441,25323,conservative,Sir Oliver Dowden,Strategy Adviser,,,1,Pierce Protocols Limited trading as Heni,0,0,an international art services business,"126-134 Baker Street, London W1U 6UE",1,https://interests-api.parliament.uk/api/v1/Interests/11622,,,,,,,1
11542,Brand Ambassador - Direct Bullion,,2024-12-20,2024-12-20,,Employment and earnings,5091,26352,reform,Nigel Farage,Brand Ambassador,,,0,Direct Bullion,0,0,,"Level 1, Devonshire House, One Mayfair Place, London W1J8AJ",,https://interests-api.parliament.uk/api/v1/Interests/11542,,,,,,,1
11502,Social Media - X Corp,,2024-12-16,2024-12-17,,Employment and earnings,4743,25894,reform,Lee Anderson,Social Media,,,0,X Corp,0,0,Social media,"Market Square, 1355 Market Street Suite 900, San Francisco, California 94103",,https://interests-api.parliament.uk/api/v1/Interests/11502,,,,,,,1
11512,Legal services - Garden Court Chambers,,2024-12-16,2024-12-16,,Employment and earnings,5067,26346,labour,Tony Vaughan,Legal services,,,0,Garden Court Chambers,0,0,Barristers' chambers,"57-60 Lincoln's Inn Fields, London WC2A 3LJ",,https://interests-api.parliament.uk/api/v1/Interests/11512,,,,,,,1
11466,Gameshow guest appearances - ITV Studios Limited,,2024-12-10,2024-12-10,,Employment and earnings,5102,26379,green,Carla Denyer,Gameshow guest appearances,,,0,ITV Studios Limited,0,0,Television programme production,"Itv White City, 201 Wood Lane, London, United Kingdom, W12 7RU",,https://interests-api.parliament.uk/api/v1/Interests/11466,,,,,,,1
11471,"Professor of International Relations - School of International Relations, University of St Andrews",,2024-12-10,2024-12-10,,Employment and earnings,4434,25324,scottish-national-party,Stephen Gethins,Professor of International Relations,,,0,"School of International Relations, University of St Andrews",0,0,Some limited teaching and research activities as part of the School's overall work.,"The Arts Faculty Building, the Scores, St Andrews, KY16 9AX",,https://interests-api.parliament.uk/api/v1/Interests/11471,,,,,,,1
11413,Social Media - X Corp,,2024-12-03,2024-12-03,,Employment and earnings,5158,26361,independent,Rupert Lowe,Social Media,,,0,X Corp,0,0,,"Market Square, 1355 Market Street Suite, 900 San Francisco, California, 94103",,https://interests-api.parliament.uk/api/v1/Interests/11413,,,,,,,1
11422,"Advisory Board, Science, Innovation and Technology - Space 4 Earth VC Fund",,2024-12-03,2024-12-03,,Employment and earnings,4020,24817,conservative,George Freeman,"Advisory Board, Science, Innovation and Technology",,,0,Space 4 Earth VC Fund,0,0,"S4E VC Fund is being set up as a new Fund focused on investing in space related technologies which promote: efficient and sustainable production of food, clean water for everyone, decarbonisation, and the end to deforestation. The Fund does not have a relationship with the government. The fund will be a standard GP/LP fund structure, with the investment advisor and the advisory board based in the UK. The General Partner could be located in the Channel Islands depending on requirements by investors, however the core of the Fund and its Fund Manager and advisory board will be in the UK.","4 Cavendish Square, London, W1G 0PG",1,https://interests-api.parliament.uk/api/v1/Interests/11422,,,,,,,1
11337,Legal services - Jai Stern Solicitors,,2024-11-25,2024-11-25,,Employment and earnings,1508,11541,conservative,Sir Geoffrey Cox,Legal services,,,0,Jai Stern Solicitors,0,0,,"1 Mayfair Place, Devonshire House, Mayfair W1J 8AJ",,https://interests-api.parliament.uk/api/v1/Interests/11337,,,,,,,1
11326,Polish edition of book published - Grupa Wydawnicza Foksal Ltd,,2024-11-21,2024-11-21,,Employment and earnings,5267,26600,labour,Yuan Yang,Polish edition of book published,,,0,Grupa Wydawnicza Foksal Ltd,0,0,Publishing company in Poland that have agreed to publish Yuan's book.,"ul. Domaniewska 48, 02-672 Warszawa",,https://interests-api.parliament.uk/api/v1/Interests/11326,,,,,,,1
11317,"Writing an autobiography - Viking- Penguin via Blake Friedmann Literary, TV & Film Agency Ltd",,2024-11-20,2024-11-20,,Employment and earnings,172,10001,independent,Ms Diane Abbott,Writing an autobiography,,,0,"Viking- Penguin via Blake Friedmann Literary, TV & Film Agency Ltd",0,0,Book advance on first UK publication,"Ground Floor, 15 Highbury Place, London, N5 1QP",,https://interests-api.parliament.uk/api/v1/Interests/11317,,,,,,,1
11308,Royalties with Authors Licensing and Collecting Society - Authors Licensing and Collecting Society,,,2024-11-20,,Employment and earnings,4657,25618,labourco-operative,Anneliese Dodds,Royalties with Authors Licensing and Collecting Society,,,0,Authors Licensing and Collecting Society,0,0,,"International House, 1 St Katharine's Way, London E1W 1UN",,https://interests-api.parliament.uk/api/v1/Interests/11308,,,,,,,1
11294,Strategy Adviser - Caxton Associates LLP,,2024-11-19,2024-11-19,2025-04-08,Employment and earnings,4441,25323,conservative,Sir Oliver Dowden,Strategy Adviser,,,1,Caxton Associates LLP,0,0,Global Macro Hedge Fund,"20 Carlton House Terrace, 2nd Floor, London, SW1Y 5AN",1,https://interests-api.parliament.uk/api/v1/Interests/11294,,,,,,,1
11256,Advisor - Nighthawk Partners Limited,,2024-11-13,2024-11-13,,Employment and earnings,4020,24817,conservative,George Freeman,Advisor,,,0,Nighthawk Partners Limited,0,0,"Nighthawk Partners Limited gives eligible, UK SME’s instant access to working capital that is being used for Innovation, UK and International Commercialisation. The company’s mission is to incentivise UK SMEs to succeed even when their working capital has been adversely impacted by tough economic times.","2 Catherine Place London, SW1E 6HF  United Kingdom",1,https://interests-api.parliament.uk/api/v1/Interests/11256,,,,,,,1
11234,Political panellist - TV - ITN,,2024-11-11,2024-11-11,,Employment and earnings,4480,25308,labour,Carolyn Harris,Political panellist - TV,,,0,ITN,0,0,TV Channel,"200 Grays Inn Road, London WC1X 8XZ",,https://interests-api.parliament.uk/api/v1/Interests/11234,,,,,,,1
11008,speaking engagement - Chartwell Partners Ltd,,2024-10-22,2024-10-23,,Employment and earnings,1572,11859,conservative,Sir Jeremy Hunt,speaking engagement,,,0,Chartwell Partners Ltd,0,0,Publishing Agent,"123 Buckingham Palace Road, London SW1W 9SH",0,https://interests-api.parliament.uk/api/v1/Interests/11008,,,,,,,1
10930,Writing articles - Telegraph Media Group Holdings Ltd,,2024-10-07,2024-10-09,,Employment and earnings,4475,25272,reform,Suella Braverman,Writing articles,,,0,Telegraph Media Group Holdings Ltd,0,0,Media/newspaper,"111 Buckingham Palace Road, London SW1W 0DT",1,https://interests-api.parliament.uk/api/v1/Interests/10930,,,,,,,1
10919,Guest presenter - LBC - Global Media Group,,2024-10-07,2024-10-09,,Employment and earnings,1536,11656,labour,Emily Thornberry,Guest presenter - LBC,,,0,Global Media Group,0,0,,"30 Leicester Square, London WC2H 7LA",,https://interests-api.parliament.uk/api/v1/Interests/10919,,,,,,,1
10819,Author royalties - ALCS,,2024-09-26,2024-09-26,,Employment and earnings,1446,10761,labour,Chris Bryant,Author royalties,,,0,ALCS,0,0,Authors Licensing and Collection Society,"6th Floor, International House, 1 St Katharine's Way, London E1W 1UN",,https://interests-api.parliament.uk/api/v1/Interests/10819,,,,,,,1
10773,"Writing a book - A M Heath & Company Limited,",,2024-09-25,2024-09-25,,Employment and earnings,4409,25385,labour,Naz Shah,Writing a book,,,0,"A M Heath & Company Limited,",0,0,Literary Agency,"6 Warwick Court, London WC1R 5DJ",,https://interests-api.parliament.uk/api/v1/Interests/10773,,,,,,,1
10746,Speaking engagement - Edinburgh International Book Festival,,2024-09-18,2024-09-18,,Employment and earnings,5267,26600,labour,Yuan Yang,Speaking engagement,,,1,Edinburgh International Book Festival,0,0,Literary festival,"121 George Street, Edinburgh EH2 4YN",,https://interests-api.parliament.uk/api/v1/Interests/10746,,,,,,,1
10669,Guest contributor to radio show - Global Radio Services Ltd,,2024-09-09,2024-09-11,,Employment and earnings,4475,25272,reform,Suella Braverman,Guest contributor to radio show,,,0,Global Radio Services Ltd,0,0,Media company/ radio broadcaster,"30, Leicester Square, London WC2H 7LA",,https://interests-api.parliament.uk/api/v1/Interests/10669,,,,,,,1
10545,Interim Head of Leader's Office - Sandwell Metropolitan Borough Council,,2024-08-26,2024-09-02,,Employment and earnings,5136,26409,labour,Imogen Walker,Interim Head of Leader's Office,,,1,Sandwell Metropolitan Borough Council,0,0,,"Sandwell Council House, Freeth St, Oldbury B69 3DE",,https://interests-api.parliament.uk/api/v1/Interests/10545,,,,,,,1
10573,Legal services provided before my election to Parliament - Deka Chambers,,2024-08-28,2024-09-02,,Employment and earnings,5082,26486,labour,Jake Richards,Legal services provided before my election to Parliament,,,0,Deka Chambers,0,0,Barrister Chambers,"5 Norwich Street, London EC4A 1DR",,https://interests-api.parliament.uk/api/v1/Interests/10573,,,,,,,1
10624,Social media work - Google,,2024-09-02,2024-09-02,,Employment and earnings,5091,26352,reform,Nigel Farage,Social media work,,,0,Google,0,0,,"Google Google Building Gordon House, Barrow St, Grand Canal Dock, Dublin 4, D04 V4X7 Ireland",,https://interests-api.parliament.uk/api/v1/Interests/10624,,,,,,,1
10507,Speaking engagements - The Advocacy Team,,2024-08-27,2024-09-02,,Employment and earnings,4764,25856,labour,Bell Ribeiro-Addy,Speaking engagements,,,0,The Advocacy Team,0,0,,"8 Devonshire Square, London EC2M 4PL",,https://interests-api.parliament.uk/api/v1/Interests/10507,,,,,,,1
6538,Councillor - Teignbridge district council,,2024-08-02,2024-08-30,2024-08-29,Employment and earnings,5111,26484,liberal-democrat,Martin Wrigley,Councillor,,,0,Teignbridge district council,0,0,,"Forde house, Brunel Rd, Newton Abbot TQ12 4XX",,https://interests-api.parliament.uk/api/v1/Interests/6538,,,,,,,1
7901,Councillor - Essex County Council,,2024-07-31,2024-08-30,2025-03-31,Employment and earnings,5073,26338,liberal-democrat,Marie Goldman,Councillor,,,1,Essex County Council,0,0,,"County Hall, 19 Market Road, Chelmsford CM1 1QH",,https://interests-api.parliament.uk/api/v1/Interests/7901,,,,,,,1
6541,Councillor - Devon County Council,,2024-08-02,2024-08-30,2024-08-29,Employment and earnings,5111,26484,liberal-democrat,Martin Wrigley,Councillor,,,1,Devon County Council,0,0,,"County Hall, Topsham Road, Exeter, Devon EX2 4QD",,https://interests-api.parliament.uk/api/v1/Interests/6541,,,,,,,1
10412,Introducer - Paykage UK Limited,,2024-08-12,2024-08-06,,Employment and earnings,4074,24824,conservative,Mark Garnier,Introducer,,,0,Paykage UK Limited,0,0,Financial intermediary,"73 Cornhill, London EC3V 3QQ",,https://interests-api.parliament.uk/api/v1/Interests/10412,,,,,,,1
8448,Director and major shareholder - Lowe Holdings Ltd,,2024-07-31,2024-08-04,,Employment and earnings,5158,26361,independent,Rupert Lowe,Director and major shareholder,,,0,Lowe Holdings Ltd,0,1,Holding company for Lowe and Oliver Ltd electrical contactors,"Cumnor Road, Wootton, Oxford",,https://interests-api.parliament.uk/api/v1/Interests/8448,,,,,,,1
7074,Councillor - Isle of Wight Council,,2024-08-01,2024-08-04,2026-01-07,Employment and earnings,5255,26504,conservative,Joe Robertson,Councillor,,,1,Isle of Wight Council,0,0,Local Authority,"County Hall, Newport, Isle of Wight",,https://interests-api.parliament.uk/api/v1/Interests/7074,,,,,,,1
8764,District Councillor - Lewes District Council,,2024-08-01,2024-08-04,,Employment and earnings,5265,26581,liberal-democrat,James MacCleary,District Councillor,,,1,Lewes District Council,0,0,,"6 High Street, Lewes, BN7 2AD",,https://interests-api.parliament.uk/api/v1/Interests/8764,,,,,,,1
8550,Director - Alpha Eye Clinic LTD,,2024-07-31,2024-08-04,,Employment and earnings,5120,26364,independent,Shockat Adam,Director,,,0,Alpha Eye Clinic LTD,0,1,Ophthalmology services,S11 The Atkins Building lower Bond Street  Hinckley LE10 1QU,,https://interests-api.parliament.uk/api/v1/Interests/8550,,,,,,,1
7936,NHS surgeon - NHS golden jubilee,,2024-08-04,2024-08-04,2025-10-17,Employment and earnings,5213,26483,labour,Dr Zubir Ahmed,NHS surgeon,,,1,NHS golden jubilee,0,0,,Agamemon street Clydebank,,https://interests-api.parliament.uk/api/v1/Interests/7936,,,,,,,1
9527,Chair & Member of the Authority - Nottinghamshire & City of Nottingham Fire Authority,,2024-08-02,2024-08-04,,Employment and earnings,5146,26408,labour,Michael Payne,Chair & Member of the Authority,,,0,Nottinghamshire & City of Nottingham Fire Authority,0,1,,"Nottinghamshire Fire and Rescue Service Joint Headquarters, Sherwood Lodge, Arnold, Nottingham NG5 8PP",,https://interests-api.parliament.uk/api/v1/Interests/9527,,,,,,,1
8909,Writing articles - Telegraph media group,,2024-08-04,2024-08-04,,Employment and earnings,5091,26352,reform,Nigel Farage,Writing articles,,,0,Telegraph media group,0,0,,"111 Buckingham Palace Road, London, SW1W 0DT",,https://interests-api.parliament.uk/api/v1/Interests/8909,,,,,,,1
8916,Social media work - Meta Platforms,,2024-08-04,2024-08-04,,Employment and earnings,5091,26352,reform,Nigel Farage,Social media work,,,0,Meta Platforms,0,0,,"1 Meta Way Menlo Park, CA",,https://interests-api.parliament.uk/api/v1/Interests/8916,,,,,,,1
8451,Consultant Solicitor - Rebel Law Ltd,,2024-07-31,2024-08-04,,Employment and earnings,5324,26571,labour,Sarah Russell,Consultant Solicitor,,,0,Rebel Law Ltd,0,0,Law firm specialising in employment law,"124 City Road, London EC1V 2NX",,https://interests-api.parliament.uk/api/v1/Interests/8451,,,,,,,1
10097,Local Councillor - Chichester District Council,,2024-08-04,2024-08-04,,Employment and earnings,5335,26372,liberal-democrat,Jess Brown-Fuller,Local Councillor,,,0,Chichester District Council,0,0,District Council,"East Pallant House, Chichester District Council, Chichester, PO19 1TY",,https://interests-api.parliament.uk/api/v1/Interests/10097,,,,,,,1
6871,County Councillor - Leicestershire County Council,,2024-08-04,2024-08-04,2025-09-17,Employment and earnings,5149,26449,labour,Amanda Hack,County Councillor,,,1,Leicestershire County Council,0,0,,"County Hall, Glenfield LE3 8HA",,https://interests-api.parliament.uk/api/v1/Interests/6871,,,,,,,1
6168,County Councillor - Norfolk County Councillor,,2024-08-04,2024-08-04,,Employment and earnings,5164,26491,liberal-democrat,Steff Aquarone,County Councillor,,,0,Norfolk County Councillor,0,0,Elected member,"Martinuea Lane, Norwich NR1 2DH",,https://interests-api.parliament.uk/api/v1/Interests/6168,,,,,,,1
9226,Social media - X Corp,,2024-08-04,2024-08-04,,Employment and earnings,5091,26352,reform,Nigel Farage,Social media,,,0,X Corp,0,0,,"Market Square, 1355 Market St Suite 900 San Francisco California 94103",,https://interests-api.parliament.uk/api/v1/Interests/9226,,,,,,,1
8449,Director - J Brand Limited,,2024-07-31,2024-08-04,,Employment and earnings,5158,26361,independent,Rupert Lowe,Director,,,0,J Brand Limited,0,1,"Data related contractor, 100% owned by me","2 Margaret Street, London, W1W 8RD",,https://interests-api.parliament.uk/api/v1/Interests/8449,,,,,,,1
6943,medical reports - Premex Services,,2024-07-25,2024-08-04,,Employment and earnings,5163,26383,labour,Peter Prinsley,medical reports,,,0,Premex Services,0,0,medical report agent,,,https://interests-api.parliament.uk/api/v1/Interests/6943,,,,,,,1
9916,"District Councillor and Chair, Climate Change and Environment Committee - South Cambridgeshire District Council",,2024-08-03,2024-08-04,2025-03-03,Employment and earnings,5078,26421,liberal-democrat,Pippa Heylings,"District Councillor and Chair, Climate Change and Environment Committee",,,1,South Cambridgeshire District Council,0,0,,"South Cambridgeshire Hall Cambourne Business Park Cambourne, Cambridge CB23 6EA",,https://interests-api.parliament.uk/api/v1/Interests/9916,,,,,,,1
8623,District Councillor - North Devon District Council,,2024-08-01,2024-08-04,2025-06-12,Employment and earnings,5138,26388,liberal-democrat,Ian Roome,District Councillor,,,1,North Devon District Council,0,0,,"North Devon District Council, PO Box 379, Barnstaple EX32 2GR",,https://interests-api.parliament.uk/api/v1/Interests/8623,,,,,,,1
9613,Self-employed barrister - Ricardo Gama,,2024-08-03,2024-08-04,,Employment and earnings,5204,26438,labour,Sarah Sackman,Self-employed barrister,,,1,Ricardo Gama,0,0,Solicitors,"Panagram, 27 Goswell Road, London EC61M 7AJ",,https://interests-api.parliament.uk/api/v1/Interests/9613,,,,,,,1
9057,Councillor - West Berkshire Council,,2024-08-01,2024-08-04,2025-12-05,Employment and earnings,5310,26584,liberal-democrat,Mr Lee Dillon,Councillor,,,1,West Berkshire Council,0,0,,"West Berkshire Council, Market Street, Newbury RG14 5LD",,https://interests-api.parliament.uk/api/v1/Interests/9057,,,,,,,1
6922,Legal services - The Khan Partnership,,2024-07-22,2024-08-04,,Employment and earnings,1508,11541,conservative,Sir Geoffrey Cox,Legal services,,,0,The Khan Partnership,0,0,Solicitors,"48-49 Russell Square, London, WC1B 4JP",,https://interests-api.parliament.uk/api/v1/Interests/6922,,,,,,,1
8304,Director - Shu Investments Ltd,,2024-07-31,2024-08-04,,Employment and earnings,5120,26364,independent,Shockat Adam,Director,,,0,Shu Investments Ltd,0,1,Investment Company,"S11 The Atkins Building, Lower Bond Street, Hinkley LE10 1QU",,https://interests-api.parliament.uk/api/v1/Interests/8304,,,,,,,1
9158,Sole director and shareholder - What'sNextCommunicationsLTD,,2024-08-01,2024-08-04,,Employment and earnings,5109,26357,labour,Chris Bloore,Sole director and shareholder,,,0,What'sNextCommunicationsLTD,0,1,Consultancy firm offering training and communications services.,"9 Bridge Street, Walton-On-Thames KT12 1AE",,https://interests-api.parliament.uk/api/v1/Interests/9158,,,,,,,1
9502,Consultant Solicitor - Fox Whitfield,,2024-08-02,2024-08-04,,Employment and earnings,5324,26571,labour,Sarah Russell,Consultant Solicitor,,,0,Fox Whitfield,0,0,Specialist employment law firm,"Unit 10, Wealden Forest Park, Herne Common, Herne Bay, Kent CT6 7QL",,https://interests-api.parliament.uk/api/v1/Interests/9502,,,,,,,1
8454,Director - PE487 Ltd,,2024-07-31,2024-08-04,,Employment and earnings,5158,26361,independent,Rupert Lowe,Director,,,0,PE487 Ltd,0,1,Freeze drying pharma related business,"Biopharma House, Winnall Valley Road, Winchester, S023 0OL",,https://interests-api.parliament.uk/api/v1/Interests/8454,,,,,,,1
8631,Devon County Councillor - Devon County Council,,2024-08-01,2024-08-04,2025-06-12,Employment and earnings,5138,26388,liberal-democrat,Ian Roome,Devon County Councillor,,,1,Devon County Council,0,0,County Council,"Devon County Council, Topsham Road County Hall, Exeter EX2 4QD",,https://interests-api.parliament.uk/api/v1/Interests/8631,,,,,,,1
9240,Cameo video recordings - Baron App Inc (Cameo),,2024-08-04,2024-08-04,,Employment and earnings,5091,26352,reform,Nigel Farage,Cameo video recordings,,,0,Baron App Inc (Cameo),0,0,,2045 W Grand Ave Suite B Chicago IL 60612,,https://interests-api.parliament.uk/api/v1/Interests/9240,,,,,,,1
9483,Councillor - Somerset Council,,2024-08-04,2024-08-04,,Employment and earnings,4089,24942,liberal-democrat,Tessa Munt,Councillor,,,0,Somerset Council,0,0,,"County Hall, Taunton, Somerset",,https://interests-api.parliament.uk/api/v1/Interests/9483,,,,,,,1
9835,Consultant - Clarity Legal Ltd,,2024-08-04,2024-08-04,,Employment and earnings,5231,26595,independent,Mr Adnan Hussain,Consultant,,,0,Clarity Legal Ltd,0,0,Rental company,"Unit 16A, Fort St, Blackburn BB1 5DP",,https://interests-api.parliament.uk/api/v1/Interests/9835,,,,,,,1
7406,Screenwriter - Rochelle Stevens & Co Ltd,,2024-08-03,2024-08-04,,Employment and earnings,5254,26523,labour,Alison Hume,Screenwriter,,,0,Rochelle Stevens & Co Ltd,0,0,Writing Agent,"2 Terretts Place, Upper Street, London N1 1QZ",,https://interests-api.parliament.uk/api/v1/Interests/7406,,,,,,,1
8440,Adviser (Science & Technology) at GHGSat Limited - GHGSat Limited,,2024-07-31,2024-08-04,2024-10-23,Employment and earnings,4020,24817,conservative,George Freeman,Adviser (Science & Technology) at GHGSat Limited,,,1,GHGSat Limited,0,0,"A private sector company that uses its own satellites and aircraft sensors to measure greenhouse gas emissions directly from industrial sites, providing actionable insights to help businesses monitor, manage, and reduce their emissions.","Albert House, 256-260 Old Street, London EC1V 9DD UK.",1,https://interests-api.parliament.uk/api/v1/Interests/8440,2025-03-07,,,,,,1
8453,Director - Data-Path Office Net Work Services Ltd,,2024-07-31,2024-08-04,,Employment and earnings,5158,26361,independent,Rupert Lowe,Director,,,0,Data-Path Office Net Work Services Ltd,0,1,Data contractor,"Crewkerne Business Park, Northern Way, Crewkerne, TA18 7HU",,https://interests-api.parliament.uk/api/v1/Interests/8453,,,,,,,1
9003,Company Director - Open Door Property Holidays Ltd,,2024-08-01,2024-08-04,,Employment and earnings,5047,26329,labour,James Naish,Company Director,,,0,Open Door Property Holidays Ltd,0,1,Property management,"Office 5 Rec 2, Retford Enterprise Centre, Randall Way, Retford, DN22 7GR",0,https://interests-api.parliament.uk/api/v1/Interests/9003,,,,,,,1
7105,medical practice - Premex,,2024-07-25,2024-08-04,,Employment and earnings,5163,26383,labour,Peter Prinsley,medical practice,,,0,Premex,0,0,medical report agent,,,https://interests-api.parliament.uk/api/v1/Interests/7105,,,,,,,1
8907,Member of Plymouth City Council - Plymouth City Council,,2024-08-01,2024-08-04,,Employment and earnings,5301,26512,conservative,Rebecca Smith,Member of Plymouth City Council,,,0,Plymouth City Council,0,0,,"Ballard House, West Hoe Road, Plymouth PL1 3BJ",,https://interests-api.parliament.uk/api/v1/Interests/8907,,,,,,,1
8641,Member of Devon and Somerset Fire Authority - Devon and Somerset Fire & Rescue Authority,,2024-08-01,2024-08-04,2025-02-04,Employment and earnings,5138,26388,liberal-democrat,Ian Roome,Member of Devon and Somerset Fire Authority,,,1,Devon and Somerset Fire & Rescue Authority,0,0,,"Service HQ, The Knowle, Clyst St George, Exeter EX3 0NW",,https://interests-api.parliament.uk/api/v1/Interests/8641,,,,,,,1
8713,Councillor - Cornwall Council,,2024-08-04,2024-08-04,,Employment and earnings,227,10222,liberal-democrat,Andrew George,Councillor,,,1,Cornwall Council,0,0,Local authority,"County Hall, Truro, Kernow TR1 2EY",,https://interests-api.parliament.uk/api/v1/Interests/8713,,,,,,,1
7013,Councillor - Wiltshire Council,,2024-07-25,2024-08-04,2025-05-09,Employment and earnings,5239,26585,liberal-democrat,Sarah Gibson,Councillor,,,1,Wiltshire Council,0,0,,"Council House, Bourne Hill, Salisbury SP1 3UZ",,https://interests-api.parliament.uk/api/v1/Interests/7013,2025-09-15,2025-11-11,,,,,1
8273,District Councillor - East Cambridgeshire District Council,,2024-07-30,2024-08-04,,Employment and earnings,5182,26425,liberal-democrat,Charlotte Cane,District Councillor,,,0,East Cambridgeshire District Council,0,0,District Council,"The Grange, Nutholt Lane Ely CB7 4EE",,https://interests-api.parliament.uk/api/v1/Interests/8273,,,,,,,1
5989,Barrister - Legal Aid Agency,,2024-08-03,2024-08-03,,Employment and earnings,5067,26346,labour,Tony Vaughan,Barrister,,,0,Legal Aid Agency,0,0,"Legal services provided by me to a lay client, who is assisted by the Agency.","102 Petty France, London SW1H 9AJ",,https://interests-api.parliament.uk/api/v1/Interests/5989,,,,,,,1
9814,Editor - Millennium Steel Publishing,,2024-08-03,2024-08-03,2025-12-14,Employment and earnings,5116,26367,labour,Chris McDonald,Editor,,,1,Millennium Steel Publishing,1,0,Publishing scientific and technological journals for industry.,,,https://interests-api.parliament.uk/api/v1/Interests/9814,,,,,,,1
6402,Freelance work as an Accountant and Business Consultant - Plumtree Hotels Ltd,,2024-08-03,2024-08-03,,Employment and earnings,5046,26336,labour,Andrew Ranger,Freelance work as an Accountant and Business Consultant,,,0,Plumtree Hotels Ltd,0,1,Management of hotels,"Dragon Hotel, Market Square, Montgomery, Powys SY15 6PA",,https://interests-api.parliament.uk/api/v1/Interests/6402,,,,,,,1
9605,Self-employed barrister - London Borough of Camden Planning Department,,2024-08-03,2024-08-03,,Employment and earnings,5204,26438,labour,Sarah Sackman,Self-employed barrister,,,1,London Borough of Camden Planning Department,0,0,,"5 Pancras Square, London N1C 4AG",,https://interests-api.parliament.uk/api/v1/Interests/9605,,,,,,,1
6036,Visiting Professor in Geopolitics - Royal Holloway University,,2024-08-02,2024-08-02,2025-04-14,Employment and earnings,5288,26593,liberal-democrat,Dr Al Pinkerton,Visiting Professor in Geopolitics,,,0,Royal Holloway University,0,0,Higher Education institution,"Egham, Surrey TW20 0EX",,https://interests-api.parliament.uk/api/v1/Interests/6036,,,,,,,1
6764,Elected county councillor - Oxfordshire County Council,,2024-08-02,2024-08-02,2025-05-07,Employment and earnings,5346,26617,liberal-democrat,Calum Miller,Elected county councillor,,,1,Oxfordshire County Council,0,0,,"New Road, Oxford OX1 1ND",,https://interests-api.parliament.uk/api/v1/Interests/6764,,,,,,,1
6762,"Teaching and researching - Blavatnik School of Government, Oxford University",,2024-08-02,2024-08-02,,Employment and earnings,5346,26617,liberal-democrat,Calum Miller,Teaching and researching,,,1,"Blavatnik School of Government, Oxford University",0,0,,"Radcliffe Observatory Quarter, Woodstock Road, Oxford OX2 6GG",,https://interests-api.parliament.uk/api/v1/Interests/6762,,,,,,,1
7333,Senior Parliamentary Assistant - John Spellar MP - IPSA,,2024-08-02,2024-08-02,,Employment and earnings,5266,26605,labour,Mike Tapp,Senior Parliamentary Assistant - John Spellar MP,,,1,IPSA,0,0,,"85 Strand, Marylebone WC2R 0DW",,https://interests-api.parliament.uk/api/v1/Interests/7333,,,,,,,1
8967,Company director - Open Door Property Ltd,,2024-08-02,2024-08-02,2025-08-26,Employment and earnings,5047,26329,labour,James Naish,Company director,,,1,Open Door Property Ltd,0,1,Property sales and consulting,"Office 5 Rec 2, Retford Enterprise Centre, Randall Way, Retford, DN22 7GR",,https://interests-api.parliament.uk/api/v1/Interests/8967,,,,,,,1
6646,Councillor - Merton Council,,2024-08-02,2024-08-02,,Employment and earnings,5321,26570,liberal-democrat,Mr Paul Kohler,Councillor,,,0,Merton Council,0,0,,"Merton Civic Centre, London Road, Morden SM4 5DX",,https://interests-api.parliament.uk/api/v1/Interests/6646,,,,,,,1
6167,Councillor - East Sussex County Council,,2024-08-01,2024-08-01,2025-09-20,Employment and earnings,5265,26581,liberal-democrat,James MacCleary,Councillor,,,1,East Sussex County Council,0,0,,"County Hall, Lewes, BN7 1UE",,https://interests-api.parliament.uk/api/v1/Interests/6167,,,,,,,1
6584,District Councillor - Stratford-on-Avon District Council,,2024-08-01,2024-08-01,2025-04-23,Employment and earnings,5122,26569,liberal-democrat,Manuela Perteghella,District Councillor,,,1,Stratford-on-Avon District Council,0,0,local authority,Elizabeth House Church Street Stratford upon Avon CV37 6HX,,https://interests-api.parliament.uk/api/v1/Interests/6584,,,,,,,1
6994,Columnist - Daily Telegraph,,2024-08-01,2024-08-01,2025-09-10,Employment and earnings,5062,26335,conservative,Nick Timothy,Columnist,,,1,Daily Telegraph,0,0,National newspaper,"111 Buckingham Palace Road, London SW1W 0DT",,https://interests-api.parliament.uk/api/v1/Interests/6994,,,,,,,1
8300,Director - Sask Optics Ltd,,2024-07-31,2024-07-31,,Employment and earnings,5120,26364,independent,Shockat Adam,Director,,,0,Sask Optics Ltd,0,1,Chain of Optometry Practices,"T03 The Atkins Building, Lower Bond Street, Hinckley, Leicestershire LE10 1QU",,https://interests-api.parliament.uk/api/v1/Interests/8300,,,,,,,1
7897,Councillor - Chelmsford City Council,,2024-07-31,2024-07-31,2025-03-31,Employment and earnings,5073,26338,liberal-democrat,Marie Goldman,Councillor,,,1,Chelmsford City Council,0,0,Chelmsford City Council,"Civic Centre, Duke Street, Chelmsford CM1 1JE",,https://interests-api.parliament.uk/api/v1/Interests/7897,,,,,,,1
3869,Speaking engagements - Coulthwaite Group Pte Ltd (trading as CWG Speakers),,,2024-07-31,2024-05-02,Employment and earnings,4475,25272,reform,Suella Braverman,Speaking engagements,,,0,Coulthwaite Group Pte Ltd (trading as CWG Speakers),0,0,,"21 Woodlands Close, #08- 44, Primz Bizhub Singapore 737854",1,https://interests-api.parliament.uk/api/v1/Interests/3869,,,,,,,1
7644,"Barrister (employee) and until 3 February 2025, Director - Bank View Solicitors Limited",,2024-07-30,2024-07-30,2025-09-24,Employment and earnings,5231,26595,independent,Mr Adnan Hussain,"Barrister (employee) and until 3 February 2025, Director",,,0,Bank View Solicitors Limited,0,1,,"Bank View House, 55 Preston New Road, Blackburn",,https://interests-api.parliament.uk/api/v1/Interests/7644,,,,,,,1
6887,"County Councillor (and until 29 July 2024, Cabinet Member) - Carmarthenshire County Council",,2024-07-30,2024-07-30,2025-02-11,Employment and earnings,5177,26359,plaid-cymru,Ann Davies,"County Councillor (and until 29 July 2024, Cabinet Member)",,,1,Carmarthenshire County Council,0,0,,"County Hall, Carmarthen SA31 1JP",,https://interests-api.parliament.uk/api/v1/Interests/6887,,,,,,,1
8078,Metro Mayor of the West of England - West of England Mayoral Combined Authority,,2024-07-30,2024-07-30,2025-05-17,Employment and earnings,221,10458,independent,Dan Norris,Metro Mayor of the West of England,,,1,West of England Mayoral Combined Authority,0,0,Regional Government,"Rivergate House, 70 Redcliff Street, Redcliff Bristol BS1 6AL",0,https://interests-api.parliament.uk/api/v1/Interests/8078,,,,,,,1
6678,County Councillor - Oxfordshire County Council,,2024-07-29,2024-07-29,2025-05-07,Employment and earnings,5296,26540,liberal-democrat,Freddie van Mierlo,County Councillor,,,1,Oxfordshire County Council,0,0,,"County Hall, New Road, Oxford OX1 1ND",,https://interests-api.parliament.uk/api/v1/Interests/6678,,,,,,,1
6759,Borough Councillor - Eastleigh Borough Council,,2024-07-29,2024-07-29,2025-02-03,Employment and earnings,5040,26325,liberal-democrat,Liz Jarvis,Borough Councillor,,,1,Eastleigh Borough Council,0,0,Borough Council,"Eastleigh House, Upper Market Street SO50 9YN",,https://interests-api.parliament.uk/api/v1/Interests/6759,,,,,,,1
7605,"Science and Technology Advisor, The Pioneer Group - Pioneer Group Limited",,2024-07-26,2024-07-26,2024-10-22,Employment and earnings,4020,24817,conservative,George Freeman,"Science and Technology Advisor, The Pioneer Group",,,0,Pioneer Group Limited,0,0,"Pioneer is a private property management company that provides venture building, incubation, and venture investment support to early stage companies, as well as the development and operation of life science incubator facilities.","New Derwent House, 69-73 Theobalds Road, London WC1X 8TA",1,https://interests-api.parliament.uk/api/v1/Interests/7605,,,,,,,1
7603,"Chairman of Advisory Board, Nodenza Venture Partners - Nodenza Venture Partners",,2024-07-26,2024-07-26,2024-10-22,Employment and earnings,4020,24817,conservative,George Freeman,"Chairman of Advisory Board, Nodenza Venture Partners",,,0,Nodenza Venture Partners,0,0,Nodenza Venture Partners is a venture capital firm specialising in biotechnology and medical device investments.,"228 Park Avenue South, PMB 67135, New York, NY, 10003-1502, United States",1,https://interests-api.parliament.uk/api/v1/Interests/7603,,,,,,,1
7520,Partner of a law firm and consultant to a law firm. - Shepherd and Wedderburn LLP,,2024-07-26,2024-07-26,,Employment and earnings,5170,26426,labour,John Grady,Partner of a law firm and consultant to a law firm.,,,1,Shepherd and Wedderburn LLP,0,0,A law firm,9 Haymarket Square Edinburgh EH3 8FY,,https://interests-api.parliament.uk/api/v1/Interests/7520,,,,,,,1
6484,Councillor - Calderdale Council,,2024-07-26,2024-07-26,,Employment and earnings,5295,26545,labour,Josh Fenton-Glynn,Councillor,,,0,Calderdale Council,0,0,,Halifax Town Hall HX1,,https://interests-api.parliament.uk/api/v1/Interests/6484,,,,,,,1
6522,District Councillor - South Oxfordshire District Council,,2024-07-25,2024-07-25,,Employment and earnings,5296,26540,liberal-democrat,Freddie van Mierlo,District Councillor,,,1,South Oxfordshire District Council,0,0,,"Abbey House, Abbey Close, Abingdon OX14 3JE",,https://interests-api.parliament.uk/api/v1/Interests/6522,,,,,,,1
6941,private medical practice - Private patient payments,,2024-07-25,2024-07-25,,Employment and earnings,5163,26383,labour,Peter Prinsley,private medical practice,,,0,Private patient payments,0,0,,[private],,https://interests-api.parliament.uk/api/v1/Interests/6941,,,,,,,1
6322,private medical practice - Peter Prinsley private medical practice,,2024-07-24,2024-07-24,,Employment and earnings,5163,26383,labour,Peter Prinsley,private medical practice,,,0,Peter Prinsley private medical practice,0,0,,"Spire Hospital Old Watton Road, Norwich NR4 7TD",,https://interests-api.parliament.uk/api/v1/Interests/6322,,,,,,,1
6315,NHS consultant surgeon - James Paget University Hospital,,2024-07-24,2024-07-24,,Employment and earnings,5163,26383,labour,Peter Prinsley,NHS consultant surgeon,,,0,James Paget University Hospital,0,0,,Great Yarmouth NR31 6LA,,https://interests-api.parliament.uk/api/v1/Interests/6315,,,,,,,1
7260,District Councillor - Mid Devon District Council,,2024-07-24,2024-07-24,2025-11-13,Employment and earnings,5252,26543,liberal-democrat,Rachel Gilmour,District Councillor,,,1,Mid Devon District Council,0,0,Local Government,"Phoenix House, Phoenix Lane, Tiverton, Devon EX16 6PP",,https://interests-api.parliament.uk/api/v1/Interests/7260,,,,,,,1
6997,"Head of Campaigns, Communications and DIgital, the TUC - Trades Union Congress",,2024-07-23,2024-07-23,,Employment and earnings,5048,26342,labour,Antonia Bance,"Head of Campaigns, Communications and DIgital, the TUC",,,1,Trades Union Congress,0,0,Trade union,"Congress House, Great Russell St, London WC1B 3LS",,https://interests-api.parliament.uk/api/v1/Interests/6997,,,,,,,1
7043,County Councillor - Surrey County Council,,2024-07-23,2024-07-23,,Employment and earnings,5297,26466,conservative,Rebecca Paul,County Councillor,,,0,Surrey County Council,0,0,,"Woodhatch Place, 11 Cockshot Hill, Reigate RH2 8EF",,https://interests-api.parliament.uk/api/v1/Interests/7043,,,,,,,1
6852,Presenter - GB News Ltd,,2024-07-22,2024-07-22,,Employment and earnings,5091,26352,reform,Nigel Farage,Presenter,,,0,GB News Ltd,0,0,,"Riverbank House, 2 Swan Lane, London EC4R3TT",,https://interests-api.parliament.uk/api/v1/Interests/6852,,,,,,,1
6832,Solicitor - Thompsons Solicitors LLP,,2024-07-22,2024-07-22,,Employment and earnings,5230,26533,labour,Warinder Juss,Solicitor,,,0,Thompsons Solicitors LLP,0,0,,"Congress House, Great Russell Street, London WC1B 3LW",,https://interests-api.parliament.uk/api/v1/Interests/6832,,,,,,,1
6775,West Sussex County Councillor - West Sussex County Council,,2024-07-22,2024-07-22,2026-01-15,Employment and earnings,5329,26624,liberal-democrat,John Milne,West Sussex County Councillor,,,1,West Sussex County Council,0,0,,"County Hall, Chichester, West Sussex PO19 1RG",,https://interests-api.parliament.uk/api/v1/Interests/6775,,,,,,,1
6919,Legal Services - Bachubhai Munim & Co,,2024-07-22,2024-07-22,,Employment and earnings,1508,11541,conservative,Sir Geoffrey Cox,Legal Services,,,1,Bachubhai Munim & Co,0,0,Advocates & Solicitors,"312 Tulsiani Chambers, Mumbai",,https://interests-api.parliament.uk/api/v1/Interests/6919,,,,,,,1
6926,Legal services - Bower Cotton,,2024-07-22,2024-07-22,,Employment and earnings,1508,11541,conservative,Sir Geoffrey Cox,Legal services,,,1,Bower Cotton,0,0,Solicitors,"34 Ely Place, Holborn, London EC1N 6TD",,https://interests-api.parliament.uk/api/v1/Interests/6926,,,,,,,1
6318,Writing a book - RCW Literary Agency,,2024-07-16,2024-07-18,,Employment and earnings,5267,26600,labour,Yuan Yang,Writing a book,,,0,RCW Literary Agency,0,0,Literary agency,"20 Powis Mews, London W11 1JN",,https://interests-api.parliament.uk/api/v1/Interests/6318,,,,,,,1
6653,Non Executive Director - Quidnet REIT Ltd,,2024-07-18,2024-07-18,,Employment and earnings,5161,26399,reform,Richard Tice,Non Executive Director,,,0,Quidnet REIT Ltd,0,1,Property Investment,24 Berkeley Square,,https://interests-api.parliament.uk/api/v1/Interests/6653,,,,,,,1
6545,Locum Doctor - NHS,,2024-07-17,2024-07-17,2025-05-12,Employment and earnings,5030,26313,labour,Dr Simon Opher,Locum Doctor,,,0,NHS,0,0,,"May Lane Surgery, Dursley, Glos GL11 4JN",,https://interests-api.parliament.uk/api/v1/Interests/6545,,,,,,,1
6240,Physiotherapist - Dudley Group NHS Foundation Trust,,2024-07-15,2024-07-17,,Employment and earnings,5274,26590,labour,Sonia Kumar,Physiotherapist,,,0,Dudley Group NHS Foundation Trust,0,0,,"Russells Hall Hospital, Pensnett Road, Dudley DY1 2HQ",,https://interests-api.parliament.uk/api/v1/Interests/6240,,,,,,,1
6053,Councillor - Birmingham City Council,,2024-07-10,2024-07-17,,Employment and earnings,5357,26631,independent,Ayoub Khan,Councillor,,,0,Birmingham City Council,0,0,,"Council House, Victoria Square, Birmingham B1 1BB",,https://interests-api.parliament.uk/api/v1/Interests/6053,,,,,,,1
6352,Councillor - Surrey County Council,,2024-07-16,2024-07-16,2025-05-30,Employment and earnings,5322,26560,liberal-democrat,Mr Will Forster,Councillor,,,1,Surrey County Council,0,0,,"11 Cockshot Hill, Woodhatch, Reigate RH2 8EF",,https://interests-api.parliament.uk/api/v1/Interests/6352,,,,,,,1
6476,Councilor - Somerset Council,,2024-07-16,2024-07-16,,Employment and earnings,5191,26459,liberal-democrat,Adam Dance,Councilor,,,0,Somerset Council,0,0,,"County Hall, The Crescent, Taunton TA1 4DY",,https://interests-api.parliament.uk/api/v1/Interests/6476,,,,,,,1
6454,Councillor - Woking Borough Council,,2024-07-16,2024-07-16,2025-05-30,Employment and earnings,5322,26560,liberal-democrat,Mr Will Forster,Councillor,,,1,Woking Borough Council,0,0,,"Civic Offices, Gloucester Square, Woking GU21 6YL",,https://interests-api.parliament.uk/api/v1/Interests/6454,,,,,,,1
6354,Local Councillor - RBWM - Royal Borough of Windsor & Maidenhead,,2024-07-16,2024-07-16,,Employment and earnings,5343,26608,liberal-democrat,Mr Joshua Reynolds,Local Councillor - RBWM,,,0,Royal Borough of Windsor & Maidenhead,0,0,Local Council,"Town Hall, St Ives Road, Maidenhead SL6 1RF",,https://interests-api.parliament.uk/api/v1/Interests/6354,,,,,,,1
6308,Partner in retail fashion business - Pure,,2024-07-15,2024-07-15,,Employment and earnings,5049,26322,labour,Michelle Scrogham,Partner in retail fashion business,,,0,Pure,1,1,Retail fashion,,,https://interests-api.parliament.uk/api/v1/Interests/6308,,,,,,,1
6301,County Councillor - Leicestershire County Council,,2024-07-15,2024-07-15,,Employment and earnings,5330,26625,conservative,Mr Peter Bedford,County Councillor,,,1,Leicestershire County Council,0,0,Local Authority,"Leicestershire County Council, County Hall, Glenfield, Leicester LE3 8RA",,https://interests-api.parliament.uk/api/v1/Interests/6301,,,,,,,1
6253,Councillor - Hertfordshire County Council,,2024-07-15,2024-07-15,2025-05-06,Employment and earnings,5050,26316,conservative,Lewis Cocking,Councillor,,,1,Hertfordshire County Council,0,0,,"County Hall, Pegs Lane, Hertford SG13 8DQ",,https://interests-api.parliament.uk/api/v1/Interests/6253,,,,,,,1
5988,Barrister - Doughty Street Chambers,,2024-07-10,2024-07-12,,Employment and earnings,5067,26346,labour,Tony Vaughan,Barrister,,,0,Doughty Street Chambers,0,0,Legal services,"54 Doughty Street, London WC1N 2LS",,https://interests-api.parliament.uk/api/v1/Interests/5988,,,,,,,1
6087,Member of the Appeals Committee for the Human Fertilisation and Embryology Authority - Human Fertilisation and Embryology Authority,,2024-07-11,2024-07-11,,Employment and earnings,5197,26437,conservative,Dr Neil Shastri-Hurst,Member of the Appeals Committee for the Human Fertilisation and Embryology Authority,,,0,Human Fertilisation and Embryology Authority,0,0,,"2nd Floor, 2 Redman Place, London E20 1JQ",,https://interests-api.parliament.uk/api/v1/Interests/6087,,,,,,,1
6127,Councillor - BCP Council,,2024-07-11,2024-07-11,,Employment and earnings,5327,26582,liberal-democrat,Vikki Slade,Councillor,,,0,BCP Council,0,0,Local Authority,"Civic Centre, Bourne Avenue, Bournemouth BH2 6DY",,https://interests-api.parliament.uk/api/v1/Interests/6127,,,,,,,1
6052,"Director & Employee, Barrister - Chambers of Ayoub Khan Ltd",,2024-07-10,2024-07-10,,Employment and earnings,5357,26631,independent,Ayoub Khan,"Director & Employee, Barrister",,,0,Chambers of Ayoub Khan Ltd,1,1,Barrister,,,https://interests-api.parliament.uk/api/v1/Interests/6052,,,,,,,1
6031,Barrister - No5 Chambers,,2024-07-10,2024-07-10,,Employment and earnings,5197,26437,conservative,Dr Neil Shastri-Hurst,Barrister,,,0,No5 Chambers,0,0,,"103 Colmore Row, Birmingham B3 3AG",,https://interests-api.parliament.uk/api/v1/Interests/6031,,,,,,,1
3871,Writing and adapting a book - United Agents,,,2024-07-08,2024-07-08,Employment and earnings,1446,10761,labour,Chris Bryant,Writing and adapting a book,,,0,United Agents,0,0,,"12-26 Lexington Street, London W1F 0LE",,https://interests-api.parliament.uk/api/v1/Interests/3871,,,,,,,1
5774,Appearances on ITV programmes - ITV PLC,,,2024-05-16,,Employment and earnings,4573,25579,labour,Dr Rosena Allin-Khan,Appearances on ITV programmes,,,0,ITV PLC,0,0,,"ITV White City, 201 Wood Lane, London W12 7RU",,https://interests-api.parliament.uk/api/v1/Interests/5774,,,,,,,1
5727,Legal services - Bortoft Bell Solicitors,,,2024-05-13,,Employment and earnings,1508,11541,conservative,Sir Geoffrey Cox,Legal services,,,0,Bortoft Bell Solicitors,0,0,,"2 John Street, London WC1N 2ES",,https://interests-api.parliament.uk/api/v1/Interests/5727,,,,,,,1
5729,Legal services - CGS Solicitors,,,2024-05-13,,Employment and earnings,1508,11541,conservative,Sir Geoffrey Cox,Legal services,,,0,CGS Solicitors,0,0,,"4th Floor, 1 Minster Court, Mincing Lane, London EC3R 7AA",,https://interests-api.parliament.uk/api/v1/Interests/5729,,,,,,,1
5638,Speaker - Chartwell Speakers,,2024-05-07,2024-05-09,,Employment and earnings,4020,24817,conservative,George Freeman,Speaker,,,0,Chartwell Speakers,0,0,speaker bureau and literary agency,"WeWork, Colonnade Walk, 123 Buckingham Palace Road, London SW1W 9SH",1,https://interests-api.parliament.uk/api/v1/Interests/5638,,,,,,,1
5320,Royalties for a book - David Luxton,,,2024-04-19,,Employment and earnings,4040,24721,labourco-operative,Chris Evans,Royalties for a book,,,0,David Luxton,0,0,Literary Agent,"First Floor, Jebsen House, 53-61 High Street, Ruislip, Middlesex, England, HA4 7BD",,https://interests-api.parliament.uk/api/v1/Interests/5320,,,,,,,1
4482,Library copyright fees - Public Lending Right,,,2024-04-18,,Employment and earnings,4370,25364,labour,Jess Phillips,Library copyright fees,,,0,Public Lending Right,0,0,,"British Library, Boston Spa, Wetherby LS23 7BQ",,https://interests-api.parliament.uk/api/v1/Interests/4482,,,,,,,1
5282,Practice at the Bar of England and Wales - Thomas More Chambers,,,2024-04-14,2023-08-02,Employment and earnings,1508,11541,conservative,Sir Geoffrey Cox,Practice at the Bar of England and Wales,,,0,Thomas More Chambers,0,0,,"7 Lincoln's Inn Fields, London WC2A 3BP",,https://interests-api.parliament.uk/api/v1/Interests/5282,2024-04-12,,,,,,1
5142,Legal Services - Director of Public Prosecutions Mauritius,,,2024-04-09,,Employment and earnings,1508,11541,conservative,Sir Geoffrey Cox,Legal Services,,,1,Director of Public Prosecutions Mauritius,0,0,,"Level 10, 16 Garden Tower Building, Poudriere St, Port Louis, Mauritius",,https://interests-api.parliament.uk/api/v1/Interests/5142,,,,,,,1
4480,Royalties,,,2024-03-26,,Employment and earnings,4370,25364,labour,Jess Phillips,Royalties,,,0,Authors' Licensing and Collecting Society (ALCS),0,0,Collection of copyright payments for authors,"6th Floor, International House, 1 St Katharine's Way, London E1W 1UN",0,https://interests-api.parliament.uk/api/v1/Interests/4480,,,,,,,1
4836,Independent Non-executive Director - Super Sharp Space Systems,,,2024-03-18,,Employment and earnings,4074,24824,conservative,Mark Garnier,Independent Non-executive Director,,,0,Super Sharp Space Systems,0,0,Low orbit Earth observation telescopes,"G0 Stirling House, Cambridge Innovation Park, Denney End Road, Waterbeach CB25 9PB",,https://interests-api.parliament.uk/api/v1/Interests/4836,,,,,,,1
4718,Independent Non-Executive Director,,2022-03-21,2024-03-18,2023-04-04,Employment and earnings,4008,24873,conservative,Dame Caroline Dinenage,Independent Non-Executive Director,,,0,LNT Care Developments Group,0,0,Residential care home developer and constructor,"Helios 47, Isabella Road, Garforth LS25 2DY",1,https://interests-api.parliament.uk/api/v1/Interests/4718,,,,,,,1
4711,Consultant Global Counsel - Withers LLP,,2020-10-19,2024-03-18,2021-10-19,Employment and earnings,1508,11541,conservative,Sir Geoffrey Cox,Consultant Global Counsel,,,0,Withers LLP,0,0,,"20 Old Bailey, London EC4M 7AN",,https://interests-api.parliament.uk/api/v1/Interests/4711,2024-01-03,,,,,,1
4706,Director - Carclew Limited,,,2024-03-18,2017-06-20,Employment and earnings,242,10103,conservative,Sir Christopher Chope,Director,,,0,Carclew Limited,1,0,,,,https://interests-api.parliament.uk/api/v1/Interests/4706,,,,,,,1
4853,Columnist - Reach Plc (Reach Shared Services Ltd),,,2024-03-18,,Employment and earnings,350,10265,conservative,Sir John Hayes,Columnist,,,0,Reach Plc (Reach Shared Services Ltd),0,0,,"5 St Pauls Square, Liverpool L3 9SJ",,https://interests-api.parliament.uk/api/v1/Interests/4853,,,,,,,1
4181,Legal services,,,2024-03-18,,Employment and earnings,1508,11541,conservative,Sir Geoffrey Cox,Legal services,,,0,CMS Holborn Asia,0,0,,"Holborn Law LLC, 7 Straights View, Marina One East Tower, #19-01, 018936, Singapore",,https://interests-api.parliament.uk/api/v1/Interests/4181,,,,,,,1
4375,Writing articles,,,2024-03-18,,Employment and earnings,4370,25364,labour,Jess Phillips,Writing articles,,,0,Guardian News & Media Ltd,0,0,,"Kings Place, 90 York Way, London N1P 2AP",,https://interests-api.parliament.uk/api/v1/Interests/4375,,,,,,,1
4932,Academic Work - Liberty Fund Inc,,,2024-03-18,,Employment and earnings,3991,24827,conservative,Jesse Norman,Academic Work,,,0,Liberty Fund Inc,0,0,private educational foundation,"11301 N. Meridian Street, Carmel, IN 46032-4564, USA",,https://interests-api.parliament.uk/api/v1/Interests/4932,,,,,,,1
4849,Strategic Adviser - BB Energy Trading Ltd,,,2024-03-18,,Employment and earnings,350,10265,conservative,Sir John Hayes,Strategic Adviser,,,0,BB Energy Trading Ltd,0,0,an international energy company trading worldwide,"12-14 Ansdell St, London W8 5BN",1,https://interests-api.parliament.uk/api/v1/Interests/4849,,,,,,,1
5020,Ridge Records - Royalty payments - Ridge Records Limited,,,2024-03-18,,Employment and earnings,1440,11333,scottish-national-party,Pete Wishart,Ridge Records - Royalty payments,,,0,Ridge Records Limited,0,1,,"1 York Street, Aberdeen AB11 5DL.",,https://interests-api.parliament.uk/api/v1/Interests/5020,,,,,,,1
3835,Royalties for books,,,2024-03-18,,Employment and earnings,4479,25279,labour,Nick Thomas-Symonds,Royalties for books,,,0,The Wylie Agency (UK) Ltd,0,0,,"17 Bedford Square, London WC1B 3JA",,https://interests-api.parliament.uk/api/v1/Interests/3835,,,,,,,1
4959,Director,,2013-09-07,2024-03-18,2015-07-07,Employment and earnings,1576,11946,conservative,Mark Pritchard,Director,,,0,MAP Advisory Ltd,0,0,,"c/o Gallaghers, 2nd Floor, 69/85 Tabernacle Street, London EC2A 4RR",,https://interests-api.parliament.uk/api/v1/Interests/4959,2022-04-25,,,,,,1
4855,Part-time professor in Political Studies - University of Greater Manchester,,,2024-03-18,2025-02-13,Employment and earnings,350,10265,conservative,Sir John Hayes,Part-time professor in Political Studies,,,1,University of Greater Manchester,0,0,,"Deane Road, Bolton BL3 5AB",,https://interests-api.parliament.uk/api/v1/Interests/4855,2025-07-14,,,,,,1
4865,Consultant paediatrician - North West Anglia NHS Foundation Trust,,2017-01-09,2024-03-18,2017-04-27,Employment and earnings,4592,25597,conservative,Dr Caroline Johnson,Consultant paediatrician,,,0,North West Anglia NHS Foundation Trust,0,0,,"Peterborough City Hospital, Bretton Gate, Bretton PE3 9GZ",,https://interests-api.parliament.uk/api/v1/Interests/4865,2017-07-06,2020-03-13,2021-11-16,2022-06-21,2022-10-07,2023-10-26,1
4136,Writing a book - Head of Zeus – UK,,,2024-03-18,,Employment and earnings,1171,11360,labour,Liam Byrne,Writing a book,,,0,Head of Zeus – UK,0,0,,"5-8 Hardwick Street, London EC1R 4RG",,https://interests-api.parliament.uk/api/v1/Interests/4136,,,,,,,1
5019,EMI - Royalty payments - EMI,,2015-05-01,2024-03-18,,Employment and earnings,1440,11333,scottish-national-party,Pete Wishart,EMI - Royalty payments,,,0,EMI,0,0,,"EMI House, 43 Brook Green, London W6 7EF",,https://interests-api.parliament.uk/api/v1/Interests/5019,,,,,,,1
3818,Member of the Advisory Board of the House Magazine - Political Engagement Limited,,2021-07-01,2024-03-18,2022-12-09,Employment and earnings,4110,24725,conservative,Dame Karen Bradley,Member of the Advisory Board of the House Magazine,,,0,Political Engagement Limited,0,0,,"11th Floor, Millbank Tower, 21-24 Millbank, London SW1P 4QP",1,https://interests-api.parliament.uk/api/v1/Interests/3818,2023-10-19,,,,,,1
4286,Writing an article,,,2024-03-18,,Employment and earnings,4500,25356,labour,Clive Lewis,Writing an article,,,0,Guardian News & Media Limited,0,0,,"PO Box 68164, Kings Place, 90 York Way, London N1P 2AP",,https://interests-api.parliament.uk/api/v1/Interests/4286,,,,,,,1
4935,Copyright payments for books written before my election to Parliament - Authors’ Licensing and Collecting Society,,,2024-03-18,,Employment and earnings,4514,25353,labour,Sir Keir Starmer,Copyright payments for books written before my election to Parliament,,,0,Authors’ Licensing and Collecting Society,0,0,,"4 Battle Bridge Lane, London SE1 2HX",,https://interests-api.parliament.uk/api/v1/Interests/4935,,,,,,,1
4169,Writing a book - Conville and Walsh,,,2024-03-18,,Employment and earnings,420,10131,labour,Yvette Cooper,Writing a book,,,0,Conville and Walsh,0,0,literary agent,"Haymarket House, London SW1Y 4SP",,https://interests-api.parliament.uk/api/v1/Interests/4169,,,,,,,1
4251,Royalties on a textbook,,,2024-03-18,,Employment and earnings,4657,25618,labourco-operative,Anneliese Dodds,Royalties on a textbook,,,0,Bloomsbury Publishers Plc,0,0,,"50 Bedford Square, London WC1B 3DP",,https://interests-api.parliament.uk/api/v1/Interests/4251,,,,,,,1
4308,Writing articles - Reach Group Limited,,,2024-03-18,2024-11-29,Employment and earnings,4084,24882,conservative,Esther McVey,Writing articles,,,0,Reach Group Limited,0,0,,"21st Floor, One Canada Square, Canary Wharf, London E14 5AP",1,https://interests-api.parliament.uk/api/v1/Interests/4308,,,,,,,1
4353,Writing Books - Peters Fraser & Dunlop Ltd,,,2024-03-18,,Employment and earnings,3991,24827,conservative,Jesse Norman,Writing Books,,,0,Peters Fraser & Dunlop Ltd,0,0,Book Publisher,"55 New Oxford Street, London WC1A 1BS",,https://interests-api.parliament.uk/api/v1/Interests/4353,,,,,,,1
4058,Chairing a training event,,,2024-03-18,,Employment and earnings,4844,25853,conservative,Matt Vickers,Chairing a training event,,,0,International Centre for Parliamentary Studies,0,0,,"Millbank Tower, London SW1P 4QP",,https://interests-api.parliament.uk/api/v1/Interests/4058,,,,,,,1
4424,Writing a book - Peters Fraser & Dunlop Limited,,,2024-03-18,,Employment and earnings,4031,24851,labour,Rachel Reeves,Writing a book,,,0,Peters Fraser & Dunlop Limited,0,0,,"55 New Oxford Street, London WC1A 1BS",,https://interests-api.parliament.uk/api/v1/Interests/4424,,,,,,,1
5017,Adviser,,,2024-03-18,,Employment and earnings,4108,24729,conservative,Sir Gavin Williamson,Adviser,,,0,RTC Education Ltd,0,0,A provider of undergraduate and postgraduate education programmes to UK and international students.,"153 Great Titchfield Street, London W1W 5BD",1,https://interests-api.parliament.uk/api/v1/Interests/5017,,,,,,,1
4963,"Lead Marketing Counsel and Vice Chairman of the Advisory Board - Linden Energy Holdings, Inc",,,2024-03-18,,Employment and earnings,1576,11946,conservative,Mark Pritchard,Lead Marketing Counsel and Vice Chairman of the Advisory Board,,,0,"Linden Energy Holdings, Inc",0,0,an energy development company and a client of MAP Advisory Ltd,"700 Milam Street, Suite 1300, Houston, Texas, 77002, USA",,https://interests-api.parliament.uk/api/v1/Interests/4963,,,,,,,1
4321,Panelist on TV programme - GB News,,,2024-03-18,2025-01-24,Employment and earnings,4084,24882,conservative,Esther McVey,Panelist on TV programme,,,0,GB News,0,0,,"Riverbank House, 2 Swan Lane, London EC4R 3TT",1,https://interests-api.parliament.uk/api/v1/Interests/4321,,,,,,,1
4707,Partner - East Beckham partnership,,2015-05-01,2024-03-18,,Employment and earnings,249,10119,conservative,Sir Geoffrey Clifton-Brown,Partner,,,0,East Beckham partnership,0,0,Arable farming,Norfolk,,https://interests-api.parliament.uk/api/v1/Interests/4707,,,,,,,1
4923,Non-executive Director - CSA Catapult Innovation Centre,,2022-12-19,2024-03-18,2023-04-12,Employment and earnings,4656,25689,liberal-democrat,Layla Moran,Non-executive Director,,,1,CSA Catapult Innovation Centre,0,1,a centre established to help the UK become a global leader in compound semiconductors,"Imperial Park Innovation Centre, Celtic Way, Newport NP10 8BE",,https://interests-api.parliament.uk/api/v1/Interests/4923,2023-06-30,2024-08-02,,,,,1
4335,Writing a book,,,2024-03-18,,Employment and earnings,1211,11115,conservative,Sir Andrew Mitchell,Writing a book,,,0,AM Heath & Co Ltd,0,0,,"5 Warwick Court, London WC1R 5DJ",,https://interests-api.parliament.uk/api/v1/Interests/4335,,,,,,,1
4940,Legal services provided before my election to Parliament,,,2024-03-18,,Employment and earnings,4514,25353,labour,Sir Keir Starmer,Legal services provided before my election to Parliament,,,0,Birnberg Pierce,0,0,,"14 Inverness Street, London NW1 7HJ",,https://interests-api.parliament.uk/api/v1/Interests/4940,,,,,,,1
4833,Chair of the Advisory Board,,,2024-03-18,,Employment and earnings,4074,24824,conservative,Mark Garnier,Chair of the Advisory Board,,,0,Shetland Space Centre,0,0,,"Moray Park, Seaford Avenue, Grantown-on-Spey PH26 3J",,https://interests-api.parliament.uk/api/v1/Interests/4833,,,,,,,1
4965,Marketing advice - Redway AG,,,2024-03-18,,Employment and earnings,1576,11946,conservative,Mark Pritchard,Marketing advice,,,0,Redway AG,0,0,an engineering and technical services company and a client of MAP Advisory Ltd,"Oberer Graben 4-6, 9001, St Gallen, Switzerland",,https://interests-api.parliament.uk/api/v1/Interests/4965,,,,,,,1
4961,Strategic marketing counsel - Strategeast,,,2024-03-18,2025-02-03,Employment and earnings,1576,11946,conservative,Mark Pritchard,Strategic marketing counsel,,,1,Strategeast,0,0,a non-profit organisation which promotes the rule of law in Eurasian countries through the digital economy and a client of MAP Advisory Ltd,"1900K Street NW, Suite 100, Washington DC 20006, USA",,https://interests-api.parliament.uk/api/v1/Interests/4961,,,,,,,1
4791,Writing articles in Diplomat Magazine - Aros Corporation Ltd,,,2024-03-18,2024-04-30,Employment and earnings,40,10312,conservative,Sir Bernard Jenkin,Writing articles in Diplomat Magazine,,,0,Aros Corporation Ltd,1,0,,,,https://interests-api.parliament.uk/api/v1/Interests/4791,,,,,,,1
4249,Being a member of a grants application panel,,,2024-03-18,,Employment and earnings,4676,25620,labour,Marsha De Cordova,Being a member of a grants application panel,,,0,Fight for Sight,0,0,,"18 Mansell Street, London E1 8AA",,https://interests-api.parliament.uk/api/v1/Interests/4249,,,,,,,1
4742,Director,,,2024-03-18,,Employment and earnings,4823,25821,sinn-fein,John Finucane,Director,,,0,Finucane Toner Ltd,0,1,Solicitors,"76-78 Castle St, Belfast BT1 1HD",,https://interests-api.parliament.uk/api/v1/Interests/4742,,,,,,,1
4341,Surgeon Commander - Royal Naval Reserve,,,2024-03-18,2014-01-15,Employment and earnings,1466,11132,conservative,Dr Andrew Murrison,Surgeon Commander,,,0,Royal Naval Reserve,0,0,,"HMS President, St Katherine’s Dock, London",,https://interests-api.parliament.uk/api/v1/Interests/4341,2015-10-02,,,,,,1
4138,Member of the Advisory Board of the House Magazine,,2021-09-22,2024-03-16,,Employment and earnings,1442,10785,liberal-democrat,Mr Alistair Carmichael,Member of the Advisory Board of the House Magazine,,,0,Dods Group Ltd,0,0,,"11th Floor, The Shard, 32 London Bridge St, London SE1 9SG",,https://interests-api.parliament.uk/api/v1/Interests/4138,,,,,,,1
4217,Advisory Director - Investcorp Securities Ltd,,2020-01-09,2024-03-16,2022-07-18,Employment and earnings,3912,24787,conservative,Richard Fuller,Advisory Director,,,0,Investcorp Securities Ltd,0,1,a venture capital company,"48 Grosvenor St, London W1K 3HW",0,https://interests-api.parliament.uk/api/v1/Interests/4217,2023-04-14,,,,,,1
4196,"Member of the Advisory Board of THI Holdings GmbH, Eberhardstrasse 65, 70173 Stuttgart",,,2024-03-16,,Employment and earnings,373,10162,conservative,David Davis,"Member of the Advisory Board of THI Holdings GmbH, Eberhardstrasse 65, 70173 Stuttgart",,,0,THI Investments UK Ltd,0,0,an investment company,"17 Grosvenor Street, London W1K 4QG",1,https://interests-api.parliament.uk/api/v1/Interests/4196,,,,,,,1
4365,Writing books - United Agents,,,2024-03-16,,Employment and earnings,4370,25364,labour,Jess Phillips,Writing books,,,0,United Agents,0,0,,"Lexington House, 12-26 Lexington St, Soho, London W1F 0LE",,https://interests-api.parliament.uk/api/v1/Interests/4365,,,,,,,1
4017,Sitting on hearings as an Independent Associate Manager - Birmingham and Solihull Mental Health Trust,,2022-03-21,2024-03-16,2023-10-05,Employment and earnings,4938,26061,labour,Paulette Hamilton,Sitting on hearings as an Independent Associate Manager,,,0,Birmingham and Solihull Mental Health Trust,0,0,,"Unit 1 B1, 50 Summer Hill Road, Birmingham B1 3RB",,https://interests-api.parliament.uk/api/v1/Interests/4017,2024-07-30,,,,,,1
4033,Non-executive director,,,2024-03-16,,Employment and earnings,4739,25904,conservative,Jerome Mayhew,Non-executive director,,,0,Walsingham Estate Management Ltd,0,0,property and land maintenance and development,"Estate Office, 10 Common Place, Walsingham, NR22 6BP",,https://interests-api.parliament.uk/api/v1/Interests/4033,,,,,,,1
4178,Presenter/Contributor on GB News,,,2024-03-16,,Employment and earnings,4743,25894,reform,Lee Anderson,Presenter/Contributor on GB News,,,0,GB News Limited,0,0,,"Riverbank House, 2 Swan Lane, London EC4R 3TT",,https://interests-api.parliament.uk/api/v1/Interests/4178,,,,,,,1
4026,Preparing and delivering training and development session,,,2024-03-16,,Employment and earnings,4938,26061,labour,Paulette Hamilton,Preparing and delivering training and development session,,,0,King’s Fund,0,0,,"Cavendish Square, London W1G OAN",,https://interests-api.parliament.uk/api/v1/Interests/4026,,,,,,,1
3636,Doctor,,,2024-03-16,,Employment and earnings,4573,25579,labour,Dr Rosena Allin-Khan,Doctor,,,0,St George's Hospital NHS Trust,0,0,,"Blackshaw Road, London SW17 0QT",,https://interests-api.parliament.uk/api/v1/Interests/3636,,,,,,,1
4029,Preparing and delivering training and development sessions,,,2024-03-16,,Employment and earnings,4938,26061,labour,Paulette Hamilton,Preparing and delivering training and development sessions,,,0,Centaura Ltd,0,0,,"18 River Street, Lancaster LA1 1AD",,https://interests-api.parliament.uk/api/v1/Interests/4029,,,,,,,1
3671,Writing articles for News UK and Ireland - News UK and Ireland,,,2024-03-13,,Employment and earnings,152,10180,conservative,Sir Iain Duncan Smith,Writing articles for News UK and Ireland,,,0,News UK and Ireland,0,0,,"1 London Bridge Street, London SE1 9GF",,https://interests-api.parliament.uk/api/v1/Interests/3671,,,,,,,1
3677,Writing articles - Associated Newspapers Ltd (ANMFS Ltd),,,2024-03-13,,Employment and earnings,152,10180,conservative,Sir Iain Duncan Smith,Writing articles,,,0,Associated Newspapers Ltd (ANMFS Ltd),0,0,,"Northcliffe House, 2 Derry Street, London W8 5TT",,https://interests-api.parliament.uk/api/v1/Interests/3677,,,,,,,1
3715,Writing a book - David Luxton Associates Ltd,,,2024-03-13,,Employment and earnings,4040,24721,labourco-operative,Chris Evans,Writing a book,,,0,David Luxton Associates Ltd,0,0,,"23 Hillcourt Avenue, London N12 8EY",,https://interests-api.parliament.uk/api/v1/Interests/3715,,,,,,,1
3680,Writing articles - Daily Telegraph and Sunday Telegraph,,,2024-03-13,,Employment and earnings,152,10180,conservative,Sir Iain Duncan Smith,Writing articles,,,0,Daily Telegraph and Sunday Telegraph,0,0,,"111 Buckingham Palace Rd, London SW1W 0DT",,https://interests-api.parliament.uk/api/v1/Interests/3680,,,,,,,1
3721,Writing a book,,,2024-03-13,,Employment and earnings,1444,10901,conservative,Mr Mark Francois,Writing a book,,,0,Kindle Direct Publishing (KDP) Amazon.com Inc,0,0,,"410 Terry Avenue, North Seattle, Washington 98109, USA",,https://interests-api.parliament.uk/api/v1/Interests/3721,,,,,,,1
3694,Writing articles - Reach Shared Services Ltd,,,2024-03-13,,Employment and earnings,152,10180,conservative,Sir Iain Duncan Smith,Writing articles,,,0,Reach Shared Services Ltd,0,0,,"3rd Floor, 5 St Paul’s Square, Liverpool L3 9SJ",,https://interests-api.parliament.uk/api/v1/Interests/3694,,,,,,,1
4893,Farming and administrative duties,,,2023-03-26,,Employment and earnings,4857,25562,dup,Carla Lockhart,Farming and administrative duties,,,0,Carla Lockhart and Rodney Condell,0,0,,"5 Morrow Park, Clabby, BT75 0LT",,https://interests-api.parliament.uk/api/v1/Interests/4893,,,,,,,1
