id,category,donateedetails,donateepaidby,donateetype,end_date,hours_details,hours_worked,is_ultimate_payer_different,ispaymentdonated,job_title,link,member,mnis_id,parent_interest_id,payment_description,payment_type,periodforhoursworked,published,registered,regularity_of_payment,source_archive,start_date,summary,twfy_id,ultimate_payer_name,ultimatepayeraddress,ultimatepayernatureofbusiness,ultimatepayerprotectedbyconfidentiality,updated_1,updated_2,updated_3,updated_4,updated_5,value
4829,Employment and earnings - Ongoing paid employment,,,,2024-04-17,,12.00,False,False,,https://interests-api.parliament.uk/api/v1/Interests/4829,Barry Gardiner,146,4828,paid monthly,Monetary,Monthly,2024-11-20,2022-12-14,Yearly,Apr07_25,2022-11-22,"Agreement starting 22 November 2022 - £33,000.00",,,,,False,2024-10-29,,,,,33000.00
11070,Employment and earnings - Ongoing paid employment,,,,,No hours worked,0.00,False,False,,https://interests-api.parliament.uk/api/v1/Interests/11070,Andy MacNae,5134,6685,Use of company vehicle. (Since leaving the company employment on 5 July I have retained use of the company vehicle until it is sold),In kind,Yearly,2024-10-28,2024-10-28,Yearly,Apr07_25,,"Agreement - £3,960.00",,,,,False,,,,,,3960.00
11092,Employment and earnings - Ongoing paid employment,,,,2025-01-15,approximate hours,20.00,False,False,,https://interests-api.parliament.uk/api/v1/Interests/11092,Lorraine Beavers,5232,11029,"approximate annual allowance, paid monthly. A portion of this sum has been donated to local charities.",Monetary,Monthly,2024-10-28,2024-10-28,Yearly,Apr07_25,2024-07-15,"Agreement starting 15 July 2024 - £4,704.39",,,,,False,2025-01-29,,,,,4704.39
11094,Employment and earnings - Ongoing paid employment,,,,2025-01-01,approximate,20.00,False,False,,https://interests-api.parliament.uk/api/v1/Interests/11094,Lorraine Beavers,5232,11093,"approximate annual allowance, paid monthly. A portion of this sum has been donated to local charities.",Monetary,Monthly,2024-10-28,2024-10-28,Yearly,Apr07_25,,"Agreement - £13,777.00",,,,,False,2025-01-29,,,,,13777.00
6037,Employment and earnings - Ongoing paid employment,,,,2024-09-10,estimate of average hours,20.00,False,False,,https://interests-api.parliament.uk/api/v1/Interests/6037,Lisa Smart,5070,6030,including a Special Responsibility Allowance,Monetary,Monthly,2024-10-17,2024-08-02,Monthly,Apr07_25,,"Agreement - £1,444.78",,,,,False,2024-09-02,2024-10-16,,,,1444.78
6557,Employment and earnings - Ongoing paid employment,,,,2024-09-24,this is an approximate number,20.00,False,False,,https://interests-api.parliament.uk/api/v1/Interests/6557,Chris Kane,5155,6552,,Monetary,Weekly,2024-10-10,2024-07-31,Monthly,Apr07_25,,"Agreement - £2,791.72",,,,,False,2024-10-09,,,,,2791.72
10886,Employment and earnings - Ongoing paid employment,,,,2024-09-06,,0.00,False,False,,https://interests-api.parliament.uk/api/v1/Interests/10886,Peter Lamb,5345,6111,,Monetary,Monthly,2024-10-09,2024-10-03,Monthly,Apr07_25,2010-05-06,Agreement starting 06 May 2010 - £115.23,,,,,False,,,,,,115.23
10716,Employment and earnings - Ongoing paid employment,,,,2024-09-06,,0.00,False,False,,https://interests-api.parliament.uk/api/v1/Interests/10716,Peter Lamb,5345,6111,,Monetary,Monthly,2024-10-09,2024-10-03,Monthly,Apr07_25,2010-05-06,Agreement starting 06 May 2010 - £619.50,,,,,False,,,,,,619.50
6406,Employment and earnings - Ongoing paid employment,,,,2024-09-09,,17.00,False,False,,https://interests-api.parliament.uk/api/v1/Interests/6406,Tom Morrison,5090,6387,,Monetary,Weekly,2024-09-27,2024-07-23,Monthly,Apr07_25,,Agreement - £921.22,,,,,False,2024-09-26,,,,,921.22
8266,Employment and earnings - Ongoing paid employment,,,,2024-11-30,This is an approximate number of hours worked,90.00,False,False,,https://interests-api.parliament.uk/api/v1/Interests/8266,Susan Murray,5157,7158,,Monetary,Monthly,2024-09-27,2024-07-30,Yearly,Apr07_25,2017-05-05,"Agreement starting 05 May 2017 - £21,345.00",,,,,False,2024-09-25,2024-12-16,,,,21345.00
10793,Employment and earnings - Ongoing paid employment,,,,,,7.00,False,False,,https://interests-api.parliament.uk/api/v1/Interests/10793,Sarah Dyke,4995,10792,,Monetary,Weekly,2024-09-23,2023-08-17,Monthly,Apr07_25,2023-07-31,"Agreement starting 31 July 2023 - £1,223.38",,,,,False,,,,,,1223.38
7154,Employment and earnings - Ongoing paid employment,,,,2024-08-23,estimated hours,10.00,False,False,,https://interests-api.parliament.uk/api/v1/Interests/7154,Peter Prinsley,5163,7153,,Monetary,Monthly,2024-09-11,2024-07-25,Monthly,Apr07_25,,Agreement - £393.50,,,,,False,2024-08-23,,,,,393.50
6132,Employment and earnings - Ongoing paid employment,,,,2024-07-31,approximate hours worked,16.00,False,False,advice and scrutiny,https://interests-api.parliament.uk/api/v1/Interests/6132,Vikki Slade,5327,6131,,Monetary,Monthly,2024-09-02,2024-07-11,Yearly,Apr07_25,2024-07-05,"Agreement starting 05 July 2024 - £9,627.00",,,,,False,2024-08-17,2024-09-06,,,,9627.00
8630,Employment and earnings - Ongoing paid employment,,,,2024-07-30,estimated,35.00,False,False,,https://interests-api.parliament.uk/api/v1/Interests/8630,Satvir Kaur,5271,8627,,Monetary,Weekly,2024-09-02,2024-08-02,Yearly,Apr07_25,2011-05-02,"Agreement starting 02 May 2011 - £13,900.00",,,,,False,,,,,,13900.00
7898,Employment and earnings - Ongoing paid employment,,,,2024-07-24,Hours worked are approximate.,22.50,False,False,Deputy Leader of the Council and Cabinet Member,https://interests-api.parliament.uk/api/v1/Interests/7898,Marie Goldman,5073,7897,,Monetary,Weekly,2024-09-02,2024-07-31,Monthly,Apr07_25,,"Agreement - £1,433.50",,,,,False,2024-08-30,,,,,1433.50
7983,Employment and earnings - Ongoing paid employment,,,,2024-07-31,Approximate,10.00,False,False,,https://interests-api.parliament.uk/api/v1/Interests/7983,Callum Anderson,5193,7978,I received the allowance in July 2024 but declined the allowance for August 2024.,Monetary,Weekly,2024-09-02,2024-08-03,Monthly,Apr07_25,,"Agreement - £1,083.69",,,,,False,2024-08-23,,,,,1083.69
9585,Employment and earnings - Ongoing paid employment,,,,2024-07-30,hours vary with council business,20.00,False,False,,https://interests-api.parliament.uk/api/v1/Interests/9585,Martin Wrigley,5111,6541,,Monetary,Weekly,2024-08-30,2024-08-02,Monthly,Apr07_25,,"Agreement - £1,715.58",,,,,False,2024-08-29,,,,,1715.58
6104,Employment and earnings - Ongoing paid employment,,,,2024-08-13,Hours are approximate,37.50,False,False,,https://interests-api.parliament.uk/api/v1/Interests/6104,Graham Leadbitter,5277,6102,,Monetary,Weekly,2024-08-28,2024-07-11,Monthly,Apr07_25,,"Agreement - £2,223.83",,,,,False,2024-08-20,,,,,2223.83
9831,Employment and earnings - Ongoing paid employment,,,,2024-12-13,approximately,15.00,False,False,,https://interests-api.parliament.uk/api/v1/Interests/9831,Shaun Davies,5041,9829,,Monetary,Monthly,2024-08-04,2024-08-03,Monthly,Apr07_25,2024-07-04,Agreement starting 04 July 2024 - £710.00,,,,,False,2024-12-09,,,,,710.00
8906,Employment and earnings - Ongoing paid employment,,,,2024-08-08,,15.00,False,False,,https://interests-api.parliament.uk/api/v1/Interests/8906,Rebecca Smith,5301,8904,,Monetary,Weekly,2024-08-04,2024-08-01,Monthly,Apr07_25,,"Agreement - £1,263.00",,,,,False,,,,,,1263.00
7641,Employment and earnings - Ongoing paid employment,,,,2024-07-04,Final payment of salary,37.50,False,False,,https://interests-api.parliament.uk/api/v1/Interests/7641,Darren Paffey,5270,7640,,Monetary,Weekly,2024-08-04,2024-07-29,Monthly,Apr07_25,,"Agreement - £3,037.37",,,,,False,,,,,,3037.37
10028,Employment and earnings - Ongoing paid employment,,,,2024-07-31,"As a County Councillor, hours worked varies from week to week.",40.00,False,False,,https://interests-api.parliament.uk/api/v1/Interests/10028,Amanda Hack,5149,6871,Allowance for being a County Councillor,Monetary,Monthly,2024-08-04,2024-08-04,Monthly,Apr07_25,,"Agreement - £1,449.42",,,,,False,,,,,,1449.42
7528,Employment and earnings - Ongoing paid employment,,,,2024-09-06,approximated,6.00,False,False,,https://interests-api.parliament.uk/api/v1/Interests/7528,Sojan Joseph,5247,7265,It varies every month depending on the expenses and number of council meetings.,Monetary,Weekly,2024-08-04,2024-07-26,Monthly,Apr07_25,2023-05-05,Agreement starting 05 May 2023 - £462.59,,,,,False,2024-09-19,,,,,462.59
9851,Employment and earnings - Ongoing paid employment,,,,2024-07-05,Final payment of salary up to and including the date of the 2024 general election.,40.00,False,False,,https://interests-api.parliament.uk/api/v1/Interests/9851,Callum Anderson,5193,9849,,Monetary,Weekly,2024-08-04,2024-08-03,Monthly,Apr07_25,,"Agreement - £5,771.99",,,,,False,,,,,,5771.99
10212,Employment and earnings - Ongoing paid employment,,,,2024-07-04,Maximum,37.00,False,False,,https://interests-api.parliament.uk/api/v1/Interests/10212,Lillian Jones,5043,8158,Approximate,Monetary,Weekly,2024-08-04,2024-08-04,Monthly,Apr07_25,2007-07-04,"Agreement starting 04 July 2007 - £3,280.00",,,,,False,,,,,,3280.00
7339,Employment and earnings - Ongoing paid employment,,,,2024-07-15,,35.00,False,False,,https://interests-api.parliament.uk/api/v1/Interests/7339,Deirdre Costigan,5075,7336,,Monetary,Weekly,2024-08-04,2024-08-01,Monthly,Apr07_25,,Agreement - £852.90,,,,,False,,,,,,852.90
6885,Employment and earnings - Ongoing paid employment,,,,2024-10-05,Minimum contracted hours,32.00,False,False,,https://interests-api.parliament.uk/api/v1/Interests/6885,Luke Taylor,5103,6078,,Monetary,Weekly,2024-08-04,2024-07-22,Monthly,Apr07_25,2016-02-01,"Agreement starting 01 February 2016 - £5,953.34",,,,,False,2024-09-19,,,,,5953.34
9214,Employment and earnings - Ongoing paid employment,,,,2024-08-22,(estimated),25.00,False,False,,https://interests-api.parliament.uk/api/v1/Interests/9214,Elaine Stewart,5206,8070,final payment for this role,Monetary,Weekly,2024-08-04,2024-08-03,Monthly,Apr07_25,,"Agreement - £1,778.75",,,,,False,,,,,,1778.75
9926,Employment and earnings - Ongoing paid employment,,,,2024-08-02,Number of hours worked is approximate,30.00,False,False,,https://interests-api.parliament.uk/api/v1/Interests/9926,Pippa Heylings,5078,9909,,Monetary,Weekly,2024-08-04,2024-08-03,Monthly,Apr07_25,2013-04-10,"Agreement starting 10 April 2013 - £1,047.50",,,,,False,,,,,,1047.50
8313,Employment and earnings - Ongoing paid employment,,,,,,10.00,False,False,,https://interests-api.parliament.uk/api/v1/Interests/8313,Paulette Hamilton,4938,4017,,Monetary,Monthly,2024-08-04,2024-07-30,Monthly,Apr07_25,,Agreement - £300.00,,,,,False,,,,,,300.00
8288,Employment and earnings - Ongoing paid employment,,,,2024-07-10,Estimated hours.,10.00,False,False,,https://interests-api.parliament.uk/api/v1/Interests/8288,Lloyd Hatton,5217,8284,,Monetary,Weekly,2024-08-04,2024-08-04,Monthly,Apr07_25,,"Agreement - £2,271.84",,,,,False,,,,,,2271.84
7290,Employment and earnings - Ongoing paid employment,,,,2024-07-25,,37.50,False,False,,https://interests-api.parliament.uk/api/v1/Interests/7290,Connor Naismith,5273,7268,Regular salary payment,Monetary,Weekly,2024-08-04,2024-07-24,Monthly,Apr07_25,,"Agreement - £2,405.54",,,,,False,,,,,,2405.54
7676,Employment and earnings - Ongoing paid employment,,,,,This is estimated and varies,60.00,False,False,,https://interests-api.parliament.uk/api/v1/Interests/7676,David Williams,5151,7521,The payment will be ceased from August onwards; I am also going to repay the allowance received in July.,Monetary,Monthly,2024-08-04,2024-08-01,Monthly,Apr07_25,,"Agreement - £1,000.00",,,,,False,,,,,,1000.00
8220,Employment and earnings - Ongoing paid employment,,,,2024-08-08,approx.,20.00,False,False,,https://interests-api.parliament.uk/api/v1/Interests/8220,Mr Jonathan Brash,5045,7361,,Monetary,Monthly,2024-08-04,2024-07-30,Monthly,Apr07_25,,Agreement - £694.17,,,,,False,,,,,,694.17
8331,Employment and earnings - Ongoing paid employment,,,,,(estimated).,25.00,False,False,,https://interests-api.parliament.uk/api/v1/Interests/8331,Kenneth Stevenson,5200,8327,,Monetary,Weekly,2024-08-04,2024-08-04,Monthly,Apr07_25,,"Agreement - £1,256.81",,,,,False,,,,,,1256.81
8019,Employment and earnings - Ongoing paid employment,,,,,approx.,15.00,False,False,,https://interests-api.parliament.uk/api/v1/Interests/8019,Emily Darlington,5139,8018,,Monetary,Weekly,2024-08-04,2024-08-02,Monthly,Apr07_25,,"Agreement - £1,024.93",,,,,False,,,,,,1024.93
9076,Employment and earnings - Ongoing paid employment,,,,2024-07-05,,20.00,False,False,,https://interests-api.parliament.uk/api/v1/Interests/9076,James Naish,5047,9069,This is an estimate,Monetary,Weekly,2024-08-04,2024-08-01,Monthly,Apr07_25,,"Agreement - £1,600.00",,,,,False,,,,,,1600.00
10157,Employment and earnings - Ongoing paid employment,,,,2024-05-20,maximum hours worked weekly.,30.00,False,False,,https://interests-api.parliament.uk/api/v1/Interests/10157,Kirith Entwistle,5095,10153,Approx.,Monetary,Weekly,2024-08-04,2024-08-04,Monthly,Apr07_25,,"Agreement - £2,463.56",,,,,False,,,,,,2463.56
8570,Employment and earnings - Ongoing paid employment,,,,2024-08-01,,16.00,False,False,,https://interests-api.parliament.uk/api/v1/Interests/8570,Dr Lauren Sullivan,5269,8539,,Monetary,Weekly,2024-08-04,2024-07-31,Monthly,Apr07_25,,"Agreement - £1,976.39",,,,,False,,,,,,1976.39
7328,Employment and earnings - Ongoing paid employment,,,,2024-07-05,,25.00,False,False,,https://interests-api.parliament.uk/api/v1/Interests/7328,Rachel Taylor,5065,7327,,Monetary,Monthly,2024-08-04,2024-07-25,Monthly,Apr07_25,2023-05-03,Agreement starting 03 May 2023 - £436.54,,,,,False,,,,,,436.54
7746,Employment and earnings - Ongoing paid employment,,,,2024-08-31,Approximate time spent handing-over during my notice period.,20.00,False,False,,https://interests-api.parliament.uk/api/v1/Interests/7746,Jack Rankin,5340,7745,,Monetary,Monthly,2024-08-04,2024-07-29,Monthly,Apr07_25,,"Agreement - £8,750.00",,,,,False,2024-09-04,,,,,8750.00
10201,Employment and earnings - Ongoing paid employment,,,,2024-07-31,Approximately,30.00,False,False,,https://interests-api.parliament.uk/api/v1/Interests/10201,Lillian Jones,5043,8155,Approximate,Monetary,Weekly,2024-08-04,2024-08-04,Monthly,Apr07_25,2012-05-04,"Agreement starting 04 May 2012 - £2,449.13",,,,,False,,,,,,2449.13
10203,Employment and earnings - Ongoing paid employment,,,,2024-08-09,These are my regular contracted hours,37.50,False,False,,https://interests-api.parliament.uk/api/v1/Interests/10203,Ben Maguire,5350,10178,I sometimes received a small additional and variable bonus payment,Monetary,Weekly,2024-08-04,2024-08-04,Monthly,Apr07_25,,"Agreement - £7,720.87",,,,,False,,,,,,7720.87
9523,Employment and earnings - Ongoing paid employment,,,,2024-10-15,this is an approximate number. I am resigning as Chair of the Board of Trustees of the Local Government Information Unit (LGiU) on 15 October 2024 and will therefore no longer be remunerated for this role.,5.00,False,False,,https://interests-api.parliament.uk/api/v1/Interests/9523,Michael Payne,5146,9521,Honorarium paid for the role of Chair of the LGiU Board and is a yearly payment paid quarterly. *No longer remunerated for this role from 15 October 2024.,Monetary,Weekly,2024-08-04,2024-08-02,Yearly,Apr07_25,,"Agreement - £8,000.00",,,,,False,2024-10-12,,,,,8000.00
5422,Employment and earnings - Ongoing paid employment,,,,2024-09-30,Contract terminated in September 2024.,8.00,False,False,,https://interests-api.parliament.uk/api/v1/Interests/5422,George Freeman,4020,5421,"Payment was not received, as the contract was terminated in September 2024.",Monetary,Monthly,2024-08-04,2024-07-31,Monthly,Apr07_25,2024-09-02,"Agreement starting 02 September 2024 - £2,000.00",,,,,False,2024-10-15,,,,,2000.00
9533,Employment and earnings - Ongoing paid employment,,,,2024-09-27,this is an approximate number.,30.00,False,False,,https://interests-api.parliament.uk/api/v1/Interests/9533,Michael Payne,5146,9527,"total combined allowance for the roles of Chair and Member of Nottinghamshire & City of Nottingham Fire Authority, which is paid monthly.",Monetary,Weekly,2024-08-04,2024-08-02,Yearly,Apr07_25,,"Agreement - £29,831.16",,,,,False,2024-10-14,,,,,29831.16
9697,Employment and earnings - Ongoing paid employment,,,,2024-09-27,Estimated,120.00,False,False,,https://interests-api.parliament.uk/api/v1/Interests/9697,Michelle Welsh,5226,7380,"allowance, paid monthly",Monetary,Monthly,2024-08-04,2024-08-03,Yearly,Apr07_25,,"Agreement - £16,512.00",,,,,False,2024-08-21,2024-09-24,2024-10-14,,,16512.00
10264,Employment and earnings - Ongoing paid employment,,,,,,0.00,False,False,,https://interests-api.parliament.uk/api/v1/Interests/10264,Peter Lamb,5345,6111,,Monetary,Monthly,2024-08-04,2024-08-04,Monthly,Apr07_25,,Agreement - £619.50,,,,,False,,,,,,619.50
8281,Employment and earnings - Ongoing paid employment,,,,2024-07-26,,38.00,False,False,,https://interests-api.parliament.uk/api/v1/Interests/8281,Lloyd Hatton,5217,8277,,Monetary,Weekly,2024-08-04,2024-08-04,Monthly,Apr07_25,,"Agreement - £1,826.94",,,,,False,,,,,,1826.94
9721,Employment and earnings - Ongoing paid employment,,,,2024-09-25,Estimated,25.00,False,False,,https://interests-api.parliament.uk/api/v1/Interests/9721,Michelle Welsh,5226,9710,"allowance, paid monthly",Monetary,Weekly,2024-08-04,2024-08-02,Yearly,Apr07_25,,"Agreement - £4,654.00",,,,,False,2024-09-24,2024-10-14,,,,4654.00
8524,Employment and earnings - Ongoing paid employment,,,,2024-07-22,estimated,35.00,False,False,,https://interests-api.parliament.uk/api/v1/Interests/8524,Tim Roca,5287,8523,estimated,Monetary,Weekly,2024-08-03,2024-08-03,Monthly,Apr07_25,,"Agreement - £5,000.00",,,,,False,,,,,,5000.00
8985,Employment and earnings - Ongoing paid employment,,,,2024-08-30,,40.00,True,False,Project management and delivery,https://interests-api.parliament.uk/api/v1/Interests/8985,James Naish,5047,8967,"Open Door Property Ltd charges a firm called Oaklin Consulting LLP for my time. Oaklin, in turn, sells project management services to multiple clients including SSE where I have worked since January 2021. I was previously employed directly by Oaklin from November 2017 to August 2019. I receive £2,000 monthly from Open Door Property Ltd.",Monetary,Weekly,2024-08-02,2024-08-02,Monthly,Apr07_25,2021-01-18,"Agreement starting 18 January 2021 - £2,000.00",,SSE,"Inveralmond House, 200 Dunkeld Rd, Perth, PH1 3AQ","Multinational energy company headquartered in Perth, Scotland",False,,,,,,2000.00
9714,Employment and earnings - Ongoing paid employment,,,,2024-07-05,approx.,50.00,False,False,,https://interests-api.parliament.uk/api/v1/Interests/9714,Dr Beccy Cooper,5307,6397,This is the annual allowance I received as Worthing Council Leader before tax,Monetary,Weekly,2024-08-02,2024-08-02,Yearly,Apr07_25,,"Agreement - £22,000.00",,,,,False,2024-09-06,,,,,22000.00
8073,Employment and earnings - Ongoing paid employment,,,,2024-07-17,,5.00,False,False,,https://interests-api.parliament.uk/api/v1/Interests/8073,Bobby Dean,5083,8071,,Monetary,Monthly,2024-08-02,2024-08-02,Monthly,Apr07_25,2023-07-17,Agreement starting 17 July 2023 - £119.52,,,,,False,,,,,,119.52
9587,Employment and earnings - Ongoing paid employment,,,,,Work varies according to Tribunal case volume,5.00,False,False,,https://interests-api.parliament.uk/api/v1/Interests/9587,Martin Wrigley,5111,6542,,Monetary,Monthly,2024-08-02,2024-08-02,Monthly,Apr07_25,,Agreement - £124.72,,,,,False,,,,,,124.72
8969,Employment and earnings - Ongoing paid employment,,,,2024-07-11,This is an average for a normal month but I only had this role for 5 days after I was elected as an MP and I was on leave during this period,50.00,False,False,,https://interests-api.parliament.uk/api/v1/Interests/8969,Georgia Gould,5305,6136,I have included the total pay on my last payslip but Camden overpaid by 1590.09 so this amount will be returned.,Monetary,Monthly,2024-08-02,2024-08-02,Monthly,Apr07_25,,"Agreement - £4,862.25",,,,,False,,,,,,4862.25
9625,Employment and earnings - Ongoing paid employment,,,,2024-07-09,councillors' allowance so amount of time varies,40.00,False,False,,https://interests-api.parliament.uk/api/v1/Interests/9625,Jayne Kirkham,5279,6326,"Final payment. On election, I asked the council to stop the allowance.",Monetary,Weekly,2024-08-02,2024-08-02,Monthly,Apr07_25,,Agreement - £933.86,,,,,False,,,,,,933.86
9197,Employment and earnings - Ongoing paid employment,,,,2024-09-03,,40.00,False,False,,https://interests-api.parliament.uk/api/v1/Interests/9197,Dr Al Pinkerton,5288,6036,this is the average monthly gross salary over the period June 2023-July 2024,Monetary,Weekly,2024-08-02,2024-08-02,Monthly,Apr07_25,,"Agreement - £5,569.00",,,,,False,2024-10-21,,,,,5569.00
7015,Employment and earnings - Ongoing paid employment,,,,2024-09-25,this is an approximate number.,30.00,False,False,,https://interests-api.parliament.uk/api/v1/Interests/7015,Michael Payne,5146,7008,"this is a combined allowance for the roles of Gedling Borough Councillor and Deputy Leader of Gedling Borough Council, which is paid monthly.",Monetary,Weekly,2024-08-02,2024-08-02,Yearly,Apr07_25,,"Agreement - £17,620.80",,,,,False,2024-10-14,,,,,17620.80
6851,Employment and earnings - Ongoing paid employment,,,,,Estimated as no contracted hours,30.00,False,False,,https://interests-api.parliament.uk/api/v1/Interests/6851,Brian Mathew,5214,6850,,Monetary,Weekly,2024-08-02,2024-08-02,Monthly,Apr07_25,,"Agreement - £1,322.42",,,,,False,,,,,,1322.42
8637,Employment and earnings - Ongoing paid employment,,,,2024-08-30,,7.00,False,False,,https://interests-api.parliament.uk/api/v1/Interests/8637,Satvir Kaur,5271,8634,,Monetary,Weekly,2024-08-02,2024-08-02,Yearly,Apr07_25,,"Agreement - £18,537.00",,,,,False,2024-08-19,,,,,18537.00
9495,Employment and earnings - Ongoing paid employment,,,,2024-09-27,this is an approximate number.,15.00,False,False,,https://interests-api.parliament.uk/api/v1/Interests/9495,Michael Payne,5146,9486,"total annual allowance for my role as a County Councillor, paid monthly.",Monetary,Weekly,2024-08-02,2024-08-02,Yearly,Apr07_25,,"Agreement - £16,512.00",,,,,False,2024-10-14,,,,,16512.00
6291,Employment and earnings - Ongoing paid employment,,,,2024-08-01,,12.00,False,False,,https://interests-api.parliament.uk/api/v1/Interests/6291,Dr Lauren Sullivan,5269,6289,,Monetary,Weekly,2024-08-01,2024-08-01,Monthly,Apr07_25,,"Agreement - £1,131.08",,,,,False,,,,,,1131.08
8746,Employment and earnings - Ongoing paid employment,,,,2024-07-05,"this is a final salary payment for employment which ended on 5th July, which also includes a period of unpaid leave.",7.50,False,False,,https://interests-api.parliament.uk/api/v1/Interests/8746,Joe Robertson,5255,7072,,Monetary,Weekly,2024-08-01,2024-08-01,Monthly,Apr07_25,,"Agreement - £1,101.63",,,,,False,,,,,,1101.63
6583,Employment and earnings - Ongoing paid employment,,,,2024-08-23,FT 0.115,8.00,False,False,,https://interests-api.parliament.uk/api/v1/Interests/6583,Manuela Perteghella,5122,6581,,Monetary,Weekly,2024-08-01,2024-08-01,Monthly,Apr07_25,2024-07-23,Agreement starting 23 July 2024 - £418.54,,,,,False,,,,,,418.54
7841,Employment and earnings - Ongoing paid employment,,,,2024-09-30,estimated number of hours worked,20.00,False,False,,https://interests-api.parliament.uk/api/v1/Interests/7841,Alison Bennett,5283,6152,I was the Deputy Leader of Mid Sussex District Council until 23 July 2024.,Monetary,Monthly,2024-08-01,2024-08-01,Monthly,Apr07_25,2024-07-04,Agreement starting 04 July 2024 - £475.00,,,,,False,2024-10-12,,,,,475.00
8752,Employment and earnings - Ongoing paid employment,,,,,,10.00,False,False,,https://interests-api.parliament.uk/api/v1/Interests/8752,Mr Joshua Reynolds,5343,6884,,Monetary,Weekly,2024-08-01,2024-08-01,Monthly,Apr07_25,,Agreement - £757.93,,,,,False,,,,,,757.93
6586,Employment and earnings - Ongoing paid employment,,,,2024-08-01,this is an approximate figure,20.00,False,False,,https://interests-api.parliament.uk/api/v1/Interests/6586,Manuela Perteghella,5122,6584,I have asked that my allowance is stopped from 1 August 2024.,Monetary,Weekly,2024-08-01,2024-08-01,Monthly,Apr07_25,,Agreement - £561.75,,,,,False,,,,,,561.75
6782,Employment and earnings - Ongoing paid employment,,,,2024-07-08,estimated number of hours,16.00,False,False,,https://interests-api.parliament.uk/api/v1/Interests/6782,Manuela Perteghella,5122,6588,this is the final payment.,Monetary,Weekly,2024-08-01,2024-08-01,Monthly,Apr07_25,,Agreement - £881.33,,,,,False,,,,,,881.33
7929,Employment and earnings - Ongoing paid employment,,,,2024-07-31,,50.00,False,False,,https://interests-api.parliament.uk/api/v1/Interests/7929,Nesil Caliskan,5180,7921,,Monetary,Weekly,2024-07-31,2024-07-29,Monthly,Apr07_25,,"Agreement - £3,333.00",,,,,False,,,,,,3333.00
7939,Employment and earnings - Ongoing paid employment,,,,2024-07-31,,10.00,False,False,,https://interests-api.parliament.uk/api/v1/Interests/7939,Nesil Caliskan,5180,7935,,Monetary,Monthly,2024-07-31,2024-07-29,Monthly,Apr07_25,,"Agreement - £3,331.00",,,,,False,,,,,,3331.00
7850,Employment and earnings - Ongoing paid employment,,,,2024-07-31,Approximate,2.00,False,False,,https://interests-api.parliament.uk/api/v1/Interests/7850,Aphra Brandreth,5241,6275,,Monetary,Weekly,2024-07-31,2024-07-31,Monthly,Apr07_25,,"Agreement - £1,047.50",,,,,False,2024-09-04,,,,,1047.50
7947,Employment and earnings - Ongoing paid employment,,,,2024-07-04,,10.00,False,False,,https://interests-api.parliament.uk/api/v1/Interests/7947,Nesil Caliskan,5180,7946,,Monetary,Weekly,2024-07-31,2024-07-29,Monthly,Apr07_25,,"Agreement - £1,028.00",,,,,False,,,,,,1028.00
6737,Employment and earnings - Ongoing paid employment,,,,2024-07-28,approximated,20.00,False,False,,https://interests-api.parliament.uk/api/v1/Interests/6737,Douglas McAllister,5057,6736,,Monetary,Weekly,2024-07-31,2024-07-31,Monthly,Apr07_25,,"Agreement - £2,668.67",,,,,False,,,,,,2668.67
6455,Employment and earnings - Ongoing paid employment,,,,2024-07-22,No hours worked since election.,147.30,False,False,,https://interests-api.parliament.uk/api/v1/Interests/6455,Michael Wheeler,5242,6453,Final salary payment for employment prior to election.,Monetary,Monthly,2024-07-30,2024-07-30,Monthly,Apr07_25,,"Agreement - £4,795.65",,,,,False,,,,,,4795.65
8074,Employment and earnings - Ongoing paid employment,,,,2024-07-05,,40.00,False,False,,https://interests-api.parliament.uk/api/v1/Interests/8074,Mark Sewards,5166,8072,,Monetary,Weekly,2024-07-30,2024-07-30,Monthly,Apr07_25,,"Agreement - £1,783.54",,,,,False,,,,,,1783.54
6664,Employment and earnings - Ongoing paid employment,,,,2024-08-21,this is an approximate number,6.00,False,False,,https://interests-api.parliament.uk/api/v1/Interests/6664,Chris Kane,5155,6662,,Monetary,Weekly,2024-07-30,2024-07-30,Monthly,Apr07_25,,Agreement - £665.07,,,,,False,2024-09-14,,,,,665.07
8271,Employment and earnings - Ongoing paid employment,,Donated by the Member to the recipient,Community organisation,,,40.00,False,True,,https://interests-api.parliament.uk/api/v1/Interests/8271,Brian Leishman,5196,8268,,Monetary,Weekly,2024-07-30,2024-07-30,Monthly,Apr07_25,,"Agreement - £1,497.78",,,,,False,,,,,,1497.78
8260,Employment and earnings - Ongoing paid employment,,,,,estimated,200.00,False,False,,https://interests-api.parliament.uk/api/v1/Interests/8260,Mr Adnan Hussain,5231,7644,,Monetary,Monthly,2024-07-30,2024-07-30,Monthly,Apr07_25,,"Agreement - £4,000.00",,,,,False,,,,,,4000.00
7407,Employment and earnings - Ongoing paid employment,,,,2024-09-15,These are contracted hours but I have also had public service leave.,37.50,False,False,,https://interests-api.parliament.uk/api/v1/Interests/7407,Pam Cox,5042,7404,,Monetary,Weekly,2024-07-30,2024-07-30,Monthly,Apr07_25,,"Agreement - £7,180.75",,,,,False,,,,,,7180.75
8197,Employment and earnings - Ongoing paid employment,,,,2024-07-05,Estimated hours based on an average 40 hour week (contract was for unspecified hours),160.00,False,False,,https://interests-api.parliament.uk/api/v1/Interests/8197,Laurence Turner,5234,8196,,Monetary,Monthly,2024-07-30,2024-07-30,Monthly,Apr07_25,,"Agreement - £5,704.29",,,,,False,,,,,,5704.29
7098,Employment and earnings - Ongoing paid employment,,,,2024-07-25,,35.00,False,False,,https://interests-api.parliament.uk/api/v1/Interests/7098,Natalie Fleet,5053,7095,,Monetary,Weekly,2024-07-29,2024-07-29,Monthly,Apr07_25,,"Agreement - £3,323.81",,,,,False,,,,,,3323.81
7932,Employment and earnings - Ongoing paid employment,,,,2024-07-05,No hours worked since my election,96.00,False,False,,https://interests-api.parliament.uk/api/v1/Interests/7932,Jade Botterill,5236,7653,final paycheck,Monetary,Monthly,2024-07-29,2024-07-29,Monthly,Apr07_25,,"Agreement - £2,872.29",,,,,False,,,,,,2872.29
6020,Employment and earnings - Ongoing paid employment,,,,2024-07-15,none since my election,0.00,False,False,,https://interests-api.parliament.uk/api/v1/Interests/6020,Neil Duncan-Jordan,5359,6019,,Monetary,Monthly,2024-07-29,2024-07-29,Monthly,Apr07_25,,Agreement - £678.72,,,,,False,,,,,,678.72
6679,Employment and earnings - Ongoing paid employment,,Donated by the Member to the recipient,Local party organisation,,,48.00,False,True,,https://interests-api.parliament.uk/api/v1/Interests/6679,Freddie van Mierlo,5296,6678,,Monetary,Monthly,2024-07-29,2024-07-29,Monthly,Apr07_25,,"Agreement - £1,113.00",,,,,False,,,,,,1113.00
7662,Employment and earnings - Ongoing paid employment,,Paid direct to the recipient by the payer,Charity,2024-08-15,Estimated,20.00,False,True,,https://interests-api.parliament.uk/api/v1/Interests/7662,Liz Jarvis,5040,6759,,Monetary,Weekly,2024-07-29,2024-07-29,Monthly,Apr07_25,2022-05-26,Agreement starting 26 May 2022 - £695.71,,,,,False,2024-09-21,,,,,695.71
7959,Employment and earnings - Ongoing paid employment,,,,2024-07-04,Worked 0.4 of ft teachers 39 wks a yr,40.00,False,False,,https://interests-api.parliament.uk/api/v1/Interests/7959,Jodie Gosling,5036,7955,Final payment,Monetary,Monthly,2024-07-29,2024-07-29,Monthly,Apr07_25,,Agreement - £357.90,,,,,False,,,,,,357.90
7981,Employment and earnings - Ongoing paid employment,,,,2024-08-30,estimated,120.00,False,False,,https://interests-api.parliament.uk/api/v1/Interests/7981,Seamus Logan,5280,6345,,Monetary,Monthly,2024-07-29,2024-07-29,Monthly,Apr07_25,,"Agreement - £1,778.75",,,,,False,,,,,,1778.75
8048,Employment and earnings - Ongoing paid employment,,,,2024-11-30,,2.00,False,False,,https://interests-api.parliament.uk/api/v1/Interests/8048,George Freeman,4020,8046,,Monetary,Monthly,2024-07-29,2024-07-29,Monthly,Apr07_25,2024-07-08,"Agreement starting 08 July 2024 - £2,000.00",,,,,False,2024-12-03,,,,,2000.00
7532,Employment and earnings - Ongoing paid employment,,,,2024-07-04,,37.50,False,False,,https://interests-api.parliament.uk/api/v1/Interests/7532,Sojan Joseph,5247,6957,,Monetary,Weekly,2024-07-26,2024-07-26,Monthly,Apr07_25,,"Agreement - £5,868.08",,,,,False,,,,,,5868.08
7590,Employment and earnings - Ongoing paid employment,,,,2024-09-30,Contract terminated in September 2024.,15.00,False,False,,https://interests-api.parliament.uk/api/v1/Interests/7590,George Freeman,4020,7589,,Monetary,Monthly,2024-07-26,2024-07-26,Monthly,Apr07_25,2024-07-24,"Agreement starting 24 July 2024 - £4,000.00",,,,,False,2024-09-11,2024-10-15,,,,4000.00
6687,Employment and earnings - Ongoing paid employment,,,,2024-07-31,Estimated hours worked in month prior to end of employment on 4 July,10.00,False,False,,https://interests-api.parliament.uk/api/v1/Interests/6687,Andy MacNae,5134,6685,Partial monthly salary to end of employment on 5 July 2024,Monetary,Monthly,2024-07-25,2024-07-25,Monthly,Apr07_25,,"Agreement - £1,476.92",,,,,False,,,,,,1476.92
6528,Employment and earnings - Ongoing paid employment,,,,2024-06-30,,96.00,False,False,,https://interests-api.parliament.uk/api/v1/Interests/6528,Freddie van Mierlo,5296,6526,,Monetary,Monthly,2024-07-25,2024-07-25,Monthly,Apr07_25,,Agreement - £758.33,,,,,False,2024-10-01,,,,,758.33
7325,Employment and earnings - Ongoing paid employment,,,,2024-07-05,The number of hours varied but this is an average,350.00,True,False,,https://interests-api.parliament.uk/api/v1/Interests/7325,Rachel Taylor,5065,7324,,Monetary,Quarterly,2024-07-25,2024-07-25,Quarterly,Apr07_25,,"Agreement - £7,142.50",,Evans Derry Solicitors,133  Long Street Atherstone Warwickshire CV9 1AD,High Street Solicitors Practice,False,,,,,,7142.50
7485,Employment and earnings - Ongoing paid employment,,,,2024-07-19,Approximate,37.50,False,False,,https://interests-api.parliament.uk/api/v1/Interests/7485,Andrew Lewin,5061,7483,,Monetary,Weekly,2024-07-25,2024-07-25,Monthly,Apr07_25,,"Agreement - £6,179.66",,,,,False,,,,,,6179.66
6239,Employment and earnings - Ongoing paid employment,,,,,hours not specified,17.00,False,False,,https://interests-api.parliament.uk/api/v1/Interests/6239,Mr Angus MacDonald,5362,6238,,Monetary,Weekly,2024-07-24,2024-07-24,Yearly,Apr07_25,,"Agreement - £21,345.00",,,,,False,,,,,,21345.00
7280,Employment and earnings - Ongoing paid employment,,,,2024-07-15,Hours worked are approximate.,15.00,False,False,,https://interests-api.parliament.uk/api/v1/Interests/7280,Connor Naismith,5273,7276,,Monetary,Weekly,2024-07-24,2024-07-24,Monthly,Apr07_25,2021-05-06,"Agreement starting 06 May 2021 - £1,063.69",,,,,False,2024-12-18,,,,,1063.69
7126,Employment and earnings - Ongoing paid employment,,,,2024-07-17,"The amount is for 5th-17th July, at which point I declined my allowance",160.00,False,False,,https://interests-api.parliament.uk/api/v1/Interests/7126,Claire Young,5140,7125,,Monetary,Monthly,2024-07-24,2024-07-24,Monthly,Apr07_25,,"Agreement - £1,405.32",,,,,False,,,,,,1405.32
7057,Employment and earnings - Ongoing paid employment,,,,2024-08-31,Estimated,24.00,False,False,,https://interests-api.parliament.uk/api/v1/Interests/7057,Mr Paul Foster,5074,6867,,Monetary,Weekly,2024-07-23,2024-07-23,Monthly,Apr07_25,,"Agreement - £2,261.26",,,,,False,,,,,,2261.26
6142,Employment and earnings - Ongoing paid employment,,,,2024-08-05,no additional hours since election,37.00,False,False,,https://interests-api.parliament.uk/api/v1/Interests/6142,Sean Woodcock,5328,6141,,Monetary,Weekly,2024-07-23,2024-07-23,Monthly,Apr07_25,,"Agreement - £2,583.19",,,,,False,,,,,,2583.19
6778,Employment and earnings - Ongoing paid employment,,,,,Approximate,10.00,False,False,,https://interests-api.parliament.uk/api/v1/Interests/6778,John Milne,5329,6777,,Monetary,Monthly,2024-07-23,2024-07-23,Yearly,Apr07_25,,"Agreement - £6,011.70",,,,,False,2024-09-12,,,,,6011.70
6023,Employment and earnings - Ongoing paid employment,,,,2024-07-19,,30.00,False,False,,https://interests-api.parliament.uk/api/v1/Interests/6023,Natasha Irons,5119,6022,,Monetary,Weekly,2024-07-22,2024-07-22,Monthly,Apr07_25,,"Agreement - £2,713.23",,,,,False,,,,,,2713.23
6080,Employment and earnings - Ongoing paid employment,,,,,estimated,15.00,False,False,,https://interests-api.parliament.uk/api/v1/Interests/6080,Luke Taylor,5103,6079,as a Councillor allowance,Monetary,Weekly,2024-07-22,2024-07-22,Monthly,Apr07_25,,"Agreement - £1,012.00",,,,,False,,,,,,1012.00
6784,Employment and earnings - Ongoing paid employment,,,,2024-07-19,,35.00,False,False,,https://interests-api.parliament.uk/api/v1/Interests/6784,Graeme Downie,5275,6783,Final payment of salary from my own business,Monetary,Monthly,2024-07-22,2024-07-22,Monthly,Apr07_25,,"Agreement - £1,900.00",,,,,False,,,,,,1900.00
6081,Employment and earnings - Ongoing paid employment,,,,2024-07-31,estimated,10.00,False,False,Special Responsibility Allowance - Sutton Local Committee Chair,https://interests-api.parliament.uk/api/v1/Interests/6081,Luke Taylor,5103,6079,Chair of Sutton Local Committee Special Responsibility Allowance,Monetary,Weekly,2024-07-22,2024-07-22,Monthly,Apr07_25,2023-05-06,Agreement starting 06 May 2023 - £879.33,,,,,False,2024-10-27,,,,,879.33
6772,Employment and earnings - Ongoing paid employment,,,,2024-07-19,This is a councillor role and the hours are not set.,10.00,False,False,,https://interests-api.parliament.uk/api/v1/Interests/6772,Matt Bishop,5323,6771,This is the final payment as I have relinquished my allowances since being elected this month.,Monetary,Monthly,2024-07-19,2024-07-19,Monthly,Apr07_25,2023-05-04,Agreement starting 04 May 2023 - £730.59,,,,,False,,,,,,730.59
6734,Employment and earnings - Ongoing paid employment,,,,2024-06-30,"I was paid for 2 days per week, hours are estimated.",16.00,False,False,,https://interests-api.parliament.uk/api/v1/Interests/6734,Sir Ashley Fox,5101,6733,,Monetary,Weekly,2024-07-19,2024-07-19,Monthly,Apr07_25,,"Agreement - £1,080.00",,,,,False,,,,,,1080.00
6689,Employment and earnings - Ongoing paid employment,,,,2024-10-10,estimated,5.00,False,False,,https://interests-api.parliament.uk/api/v1/Interests/6689,John Whitby,5342,6686,No longer receiving Council allowance,Monetary,Weekly,2024-07-19,2024-07-19,Yearly,Apr07_25,2024-09-25,"Agreement starting 25 September 2024 - £12,825.48",,,,,False,2024-10-03,2024-10-30,,,,12825.48
6112,Employment and earnings - Ongoing paid employment,,,,2024-08-24,,10.00,False,False,,https://interests-api.parliament.uk/api/v1/Interests/6112,Shaun Davies,5041,6107,,Monetary,Weekly,2024-07-18,2024-07-18,Monthly,Apr07_25,2024-07-04,"Agreement starting 04 July 2024 - £1,028.00",,,,,False,2024-08-30,,,,,1028.00
6110,Employment and earnings - Ongoing paid employment,,,,2024-07-17,,25.00,False,False,,https://interests-api.parliament.uk/api/v1/Interests/6110,Shaun Davies,5041,6107,Balance payment as Leader of Telford and Wrekin Council,Monetary,Weekly,2024-07-18,2024-07-18,Monthly,Apr07_25,2024-07-05,"Agreement starting 05 July 2024 - £1,319.38",,,,,False,2024-08-30,,,,,1319.38
6251,Employment and earnings - Ongoing paid employment,,,,2024-07-15,Hours worked are estimated.,8.00,False,False,,https://interests-api.parliament.uk/api/v1/Interests/6251,Chris Hinchliff,5244,6249,,Monetary,Monthly,2024-07-18,2024-07-18,Monthly,Apr07_25,2024-07-05,"Agreement starting 05 July 2024 - £1,051.75",,,,,False,,,,,,1051.75
6461,Employment and earnings - Ongoing paid employment,,,,2024-07-17,,21.50,False,False,,https://interests-api.parliament.uk/api/v1/Interests/6461,Mr Will Forster,5322,6457,,Monetary,Monthly,2024-07-16,2024-07-16,Monthly,Apr07_25,,"Agreement - £1,967.46",,,,,False,,,,,,1967.46
5622,Employment and earnings - Ongoing paid employment,,,,,,15.00,False,False,,https://interests-api.parliament.uk/api/v1/Interests/5622,Paul Holmes,4803,4860,(see additional information below),Monetary,Monthly,2024-05-07,2021-07-26,Yearly,Apr07_25,2021-07-01,Agreement starting 01 July 2021 - £0.00,,,,,False,2024-04-30,,,,,0.00
5423,Employment and earnings - Ongoing paid employment,,,,2024-07-25,Contract terminated in September 2024. No remuneration received after July 2024.,8.00,False,False,,https://interests-api.parliament.uk/api/v1/Interests/5423,George Freeman,4020,5421,(last received in July),Monetary,Monthly,2024-04-24,2024-04-23,Monthly,Apr07_25,2024-03-25,"Agreement starting 25 March 2024 - £1,500.00",,,,,False,2024-10-15,,,,,1500.00
5124,Employment and earnings - Ongoing paid employment,,,,2024-03-31,expected commitment,5.00,False,False,,https://interests-api.parliament.uk/api/v1/Interests/5124,Richard Fuller,3912,5123,,Monetary,Monthly,2024-04-15,2023-04-14,Yearly,Apr07_25,2023-04-01,"Agreement starting 01 April 2023 - £20,000.00",,,,,False,2024-04-15,2024-05-23,,,,20000.00
4971,Employment and earnings - Ongoing paid employment,,,,,,10.00,False,False,,https://interests-api.parliament.uk/api/v1/Interests/4971,Mark Pritchard,1576,4970,First payment received on 6 December 2023,Monetary,Monthly,2024-03-18,2024-01-03,Monthly,Apr07_25,2024-10-24,"Agreement starting 24 October 2024 - £9,000.00",,,,,False,,,,,,9000.00
5026,Employment and earnings - Ongoing paid employment,,,,2024-05-07,(up to 8 hours a week),8.00,False,False,,https://interests-api.parliament.uk/api/v1/Interests/5026,Sir Jeremy Wright,1560,5025,,Monetary,Weekly,2024-03-18,2022-10-17,Monthly,Apr07_25,2022-10-06,"Agreement starting 06 October 2022 - £4,000.00",,,,,False,2023-10-25,2024-02-08,2024-05-15,,,4000.00
8908,Employment and earnings - Ongoing paid employment,,,,,,32.00,False,False,,https://interests-api.parliament.uk/api/v1/Interests/8908,Nigel Farage,5091,6852,,Monetary,Monthly,2024-08-04,2024-08-04,Monthly,Aug04_24,,"Agreement - £97,928.40",26352,,,,False,,,,,,97928.40
9958,Employment and earnings - Ongoing paid employment,,,,2024-09-11,,40.00,False,False,,https://interests-api.parliament.uk/api/v1/Interests/9958,Victoria Collins,5201,9956,Approx.,Monetary,Monthly,2024-08-04,2024-08-04,Monthly,Aug04_24,,"Agreement - £11,451.00",,,,,False,,,,,,11451.00
7639,Employment and earnings - Ongoing paid employment,,,,,(estimated hours),25.00,False,False,,https://interests-api.parliament.uk/api/v1/Interests/7639,Baggy Shanker,5176,7633,,Monetary,Weekly,2024-08-04,2024-08-02,Monthly,Aug04_24,,"Agreement - £3,126.23",,,,,False,,,,,,3126.23
9582,Employment and earnings - Ongoing paid employment,,,,,The hours worked vary with council business,30.00,False,False,,https://interests-api.parliament.uk/api/v1/Interests/9582,Martin Wrigley,5111,6538,,Monetary,Weekly,2024-08-02,2024-08-02,Monthly,Aug04_24,,"Agreement - £2,333.65",,,,,False,,,,,,2333.65
6157,Employment and earnings - Ongoing paid employment,,,,,estimated,20.00,False,False,,https://interests-api.parliament.uk/api/v1/Interests/6157,Alison Bennett,5283,6152,,Monetary,Monthly,2024-08-01,2024-08-01,Monthly,Aug04_24,,Agreement - £475.00,,,,,False,,,,,,475.00
4964,Employment and earnings - Ongoing paid employment,,,,2024-01-31,,12.00,False,False,,https://interests-api.parliament.uk/api/v1/Interests/4964,Mark Pritchard,1576,4963,,Monetary,Monthly,2024-03-18,2022-09-22,Monthly,Aug04_24,2022-08-26,"Agreement starting 26 August 2022 - £4,900.00",,,,,False,2022-12-02,2024-01-31,,,,4900.00
5406,Employment and earnings - Ongoing paid employment,,,,2023-02-28,,12.00,False,False,,https://interests-api.parliament.uk/api/v1/Interests/5406,Mark Pritchard,1576,4969,,Monetary,Monthly,2024-03-18,2023-02-27,Monthly,Aug04_24,2023-01-01,"Agreement starting 01 January 2023 - £3,900.00",,,,,False,2023-07-20,2024-01-31,,,,3900.00
4966,Employment and earnings - Ongoing paid employment,,,,2023-07-31,,12.00,False,False,,https://interests-api.parliament.uk/api/v1/Interests/4966,Mark Pritchard,1576,4965,,Monetary,Monthly,2024-03-18,2022-08-08,Monthly,Aug04_24,2022-09-01,"Agreement starting 01 September 2022 - £4,000.00",,,,,False,2023-08-16,,,,,4000.00
4848,Employment and earnings - Ongoing paid employment,,,,,(between 40 and 50 hrs),50.00,False,False,,https://interests-api.parliament.uk/api/v1/Interests/4848,Sir John Hayes,350,4847,"paid quarterly (previously £20,000)",Monetary,Yearly,2024-03-18,2018-06-28,Yearly,Aug04_24,2018-05-29,"Agreement starting 29 May 2018 - £30,000.00",,,,,False,2018-12-12,2019-07-25,2023-09-29,,,30000.00
11134,Employment and earnings - Ongoing paid employment,,,,,,16.00,False,False,,https://interests-api.parliament.uk/api/v1/Interests/11134,Nigel Farage,5091,8909,,Monetary,Monthly,2024-11-05,2024-10-31,Monthly,Dec09_24,,"Agreement - £4,000.00",26352,,,,False,,,,,,4000.00
10593,Employment and earnings - Ongoing paid employment,,,,,variable hours according to council business,8.00,False,False,,https://interests-api.parliament.uk/api/v1/Interests/10593,Martin Wrigley,5111,6538,,Monetary,Weekly,2024-08-30,2024-08-29,Monthly,Nov11_24,2024-09-01,"Agreement starting 01 September 2024 - £1,906.72",,,,,False,2024-09-26,,,,,1906.72
